pid,minutes,goals_scored,assists,clean_sheets,goals_conceded,own_goals,penalties_saved,penalties_missed,yellow_cards,red_cards,saves,ea_index,influence,creativity,threat,ict_index,selected_by_percent
1,0,0,0,0,0,0,0,0,0,0,0,56,0.0,0.0,0.0,0.0,0.2
2,1260,0,0,4,14,1,0,0,2,0,37,409,261.4,0.0,0.0,26.3,16.6
3,1170,2,0,4,10,0,0,0,2,0,0,493,378.8,8.6,101.0,49.0,21.5
4,0,0,0,0,0,0,0,0,0,0,0,265,0.0,0.0,0.0,0.0,0.1
5,165,0,0,0,2,0,0,0,1,0,0,244,23.0,9.2,4.0,3.6,0.2
6,990,0,2,4,11,0,0,0,0,0,0,541,162.4,176.1,158.0,49.5,15.8
7,137,0,1,0,1,0,0,0,1,0,0,69,53.0,68.7,16.0,13.7,0.5
8,15,0,0,0,0,0,0,0,0,0,0,11,1.0,1.4,0.0,0.2,0.2
9,82,0,0,0,1,0,0,0,0,0,0,178,19.4,2.0,0.0,2.1,0.2
10,1153,0,1,4,13,0,0,0,1,0,0,511,218.8,111.4,65.0,39.6,4.4
11,810,1,0,2,12,0,0,0,3,0,0,70,238.4,4.7,31.0,27.5,3.0
12,1178,11,5,4,13,0,0,1,3,0,0,690,573.2,552.8,679.0,180.8,31.0
13,1091,6,3,5,12,0,0,1,0,0,0,316,365.4,212.1,584.0,115.7,16.4
14,1066,4,3,3,10,0,0,0,0,0,0,783,316.0,581.7,363.0,126.1,9.2
15,618,2,2,4,5,0,0,0,2,0,0,259,198.2,221.7,89.0,50.8,1.8
16,231,0,1,0,5,0,0,0,1,0,0,558,30.4,72.0,103.0,20.4,1.0
17,810,0,0,3,14,0,0,0,3,0,0,18,79.8,265.0,126.0,46.6,0.7
18,553,2,3,1,6,0,0,0,0,0,0,186,192.2,193.1,254.0,64.1,1.6
19,0,0,0,0,0,0,0,0,0,0,0,4,0.0,0.0,0.0,0.0,0.0
20,821,0,0,2,10,0,0,0,3,0,0,246,118.8,129.2,36.0,28.5,2.4
21,561,0,3,4,7,0,0,0,1,0,0,150,102.0,195.0,174.0,47.1,0.8
22,450,0,1,1,8,0,0,0,0,0,0,134,74.0,76.4,42.0,19.1,0.5
23,0,0,0,0,0,0,0,0,0,0,0,175,0.0,0.0,0.0,0.0,0.0
24,689,1,0,2,7,0,0,0,2,1,0,0,133.4,135.3,47.0,31.4,2.9
25,130,3,2,0,0,0,0,0,0,0,0,629,119.8,48.4,152.0,31.8,1.6
26,0,0,0,0,0,0,0,0,0,0,0,164,0.0,0.0,0.0,0.0,0.1
27,0,0,0,0,0,0,0,0,0,0,0,0,0.0,0.0,0.0,0.0,0.1
28,0,0,0,0,0,0,0,0,0,0,0,0,0.0,0.0,0.0,0.0,0.0
29,1080,0,0,3,19,0,1,0,1,0,35,281,256.8,0.0,0.0,25.6,7.0
30,180,0,0,1,3,0,0,0,1,0,5,31,34.4,0.0,0.0,3.5,0.1
31,1260,0,0,4,22,0,0,0,3,0,0,462,333.6,130.2,71.0,53.7,2.8
32,1260,2,0,4,22,0,0,0,2,0,0,443,458.6,27.4,182.0,66.8,3.0
33,1080,1,1,4,16,0,0,0,1,0,0,491,241.2,222.7,108.0,57.3,5.6
34,1170,1,3,3,22,0,0,0,5,0,0,297,261.2,170.8,111.0,54.4,10.9
35,0,0,0,0,0,0,0,0,0,0,0,1,0.0,0.0,0.0,0.0,0.0
36,285,2,0,1,8,0,0,0,0,0,0,232,158.2,14.8,97.0,27.0,2.6
37,1213,0,2,4,22,0,0,0,3,1,0,188,167.8,171.8,106.0,44.2,0.3
38,10,0,0,0,0,0,0,0,0,0,0,245,0.0,0.0,0.0,0.0,0.1
39,810,0,0,2,14,0,0,0,1,0,0,385,130.8,119.5,33.0,28.3,0.1
40,0,0,0,0,0,0,0,0,0,0,0,84,0.0,0.0,0.0,0.0,0.3
41,0,0,0,0,0,0,0,0,0,0,0,3,0.0,0.0,0.0,0.0,0.1
42,711,3,4,3,13,0,0,0,1,0,0,217,224.6,178.9,183.0,58.7,1.1
43,573,2,0,2,9,0,0,0,3,0,0,331,144.2,90.6,102.0,33.7,0.2
44,95,0,0,0,0,0,0,0,1,0,0,155,18.0,5.8,53.0,7.3,0.1
45,0,0,0,0,0,0,0,0,0,0,0,0,0.0,0.0,0.0,0.0,0.0
46,730,0,0,3,12,0,0,0,0,0,0,184,78.2,224.5,180.0,48.2,1.4
47,80,0,0,0,3,0,0,0,0,0,0,0,7.0,14.3,4.0,2.5,0.5
48,973,2,1,3,19,0,0,0,1,0,0,321,185.6,135.7,311.0,63.3,0.7
49,969,5,1,6,15,0,0,0,0,0,0,165,189.0,110.5,359.0,64.5,3.0
50,0,0,0,0,0,0,0,0,0,0,0,3,0.0,0.0,0.0,0.0,0.3
51,60,0,1,0,2,0,0,0,0,0,0,124,24.2,11.8,17.0,5.3,3.4
52,181,0,1,0,2,0,0,0,0,0,0,146,39.4,94.7,138.0,27.2,0.3
53,25,0,0,0,1,0,0,0,0,0,0,0,0.0,11.9,16.0,2.4,0.1
54,1080,0,0,3,19,0,0,0,1,0,63,0,430.4,0.0,0.0,43.1,13.9
55,1170,0,0,3,21,0,0,0,4,0,0,0,255.6,208.3,31.0,49.4,0.8
56,1260,0,1,3,23,1,0,0,1,0,0,0,373.6,37.6,55.0,46.8,1.3
57,1115,0,0,2,21,0,0,0,1,0,0,0,172.0,118.6,5.0,29.5,0.4
58,1260,1,0,3,23,0,0,0,1,0,0,0,463.0,48.2,214.0,72.7,2.6
59,111,0,0,0,3,0,0,0,1,0,0,0,35.0,38.8,16.0,8.6,2.2
60,0,0,0,0,0,0,0,0,0,0,0,0,0.0,0.0,0.0,0.0,0.1
61,86,0,0,0,1,0,0,0,1,0,0,0,0.0,11.7,2.0,1.3,0.0
62,920,0,0,2,17,0,0,0,0,0,0,0,94.8,68.1,120.0,28.3,0.1
63,802,1,1,3,15,0,0,0,2,0,0,0,98.8,163.6,78.0,34.0,0.1
64,1190,1,1,3,21,0,0,0,4,0,0,0,192.6,53.2,53.0,30.1,0.9
65,0,0,0,0,0,0,0,0,0,0,0,0,0.0,0.0,0.0,0.0,0.1
66,96,0,0,0,1,0,0,0,0,0,0,0,2.8,8.7,4.0,1.5,0.5
67,1089,4,1,3,19,0,0,0,0,0,0,0,209.0,121.6,365.0,69.3,3.3
68,597,1,1,2,9,0,0,0,0,0,0,0,59.8,78.6,135.0,26.9,2.7
69,13,0,0,0,0,0,0,0,0,0,0,0,0.4,1.0,2.0,0.3,0.5
70,182,1,0,0,3,0,0,0,1,0,0,0,47.6,46.9,110.0,20.3,1.0
71,0,0,0,0,0,0,0,0,0,0,0,0,0.0,0.0,0.0,0.0,0.1
72,0,0,0,0,0,0,0,0,0,0,0,0,0.0,0.0,0.0,0.0,0.4
73,1260,0,0,7,11,0,0,0,1,0,27,230,192.2,0.0,0.0,19.3,12.1
74,0,0,0,0,0,0,0,0,0,0,0,150,0.0,0.0,0.0,0.0,0.2
75,367,0,0,1,4,0,0,0,1,0,0,228,64.6,23.1,46.0,13.3,1.8
76,555,0,1,1,9,0,0,0,2,0,0,414,105.8,68.7,112.0,28.5,3.4
77,1260,0,1,7,11,0,0,0,3,0,0,470,278.0,110.5,58.0,44.9,15.6
78,1253,1,0,7,11,1,0,0,1,0,0,283,260.8,33.6,123.0,41.8,10.4
79,0,0,0,0,0,0,0,0,0,0,0,185,0.0,0.0,0.0,0.0,0.2
80,0,0,0,0,0,0,0,0,0,0,0,138,0.0,0.0,0.0,0.0,0.0
81,0,0,0,0,0,0,0,0,0,0,0,18,0.0,0.0,0.0,0.0,0.1
82,1167,8,3,7,11,0,0,0,2,0,0,476,452.4,445.9,512.0,141.1,36.6
83,179,0,2,0,4,0,0,0,1,0,0,617,71.4,94.7,32.0,19.8,1.6
84,455,0,1,1,6,0,0,0,1,0,0,321,97.4,197.4,128.0,42.2,0.7
85,0,0,0,0,0,0,0,0,0,0,0,8,0.0,0.0,0.0,0.0,0.6
86,552,3,0,2,8,0,0,0,2,0,0,512,185.8,389.4,175.0,74.7,3.4
87,1135,0,7,7,10,0,0,0,2,0,0,373,273.6,226.3,146.0,64.6,4.6
88,9,0,0,0,0,0,0,0,0,0,0,68,0.2,0.0,0.0,0.0,0.1
89,0,0,0,0,0,0,0,0,0,0,0,209,0.0,0.0,0.0,0.0,0.1
90,619,3,5,5,3,0,0,0,2,0,0,399,231.0,189.9,193.0,60.5,5.4
91,0,0,0,0,0,0,0,0,0,0,0,101,0.0,0.0,0.0,0.0,0.0
92,751,3,1,6,2,0,0,0,1,0,0,127,257.8,169.5,243.0,66.8,3.3
93,0,0,0,0,0,0,0,0,0,0,0,81,0.0,0.0,0.0,0.0,0.0
94,16,0,0,0,0,0,0,0,0,0,0,86,0.2,0.4,0.0,0.1,0.0
95,1260,1,0,7,11,0,0,0,3,0,0,501,215.4,172.8,105.0,49.2,13.7
96,85,1,1,0,0,0,0,0,0,0,0,0,57.8,16.2,84.0,15.7,1.0
97,1228,11,5,7,11,0,0,0,4,0,0,533,567.2,328.3,803.0,169.8,48.0
98,0,0,0,0,0,0,0,0,0,0,0,62,0.0,0.0,0.0,0.0,0.2
99,0,0,0,0,0,0,0,0,0,0,0,13,0.0,0.0,0.0,0.0,0.2
100,450,0,0,1,9,0,0,0,1,0,13,266,98.6,0.0,0.0,9.8,2.1
101,0,0,0,0,0,0,0,0,0,0,0,82,0.0,0.0,0.0,0.0,0.2
102,810,0,0,0,17,0,0,0,0,0,24,0,182.8,0.0,0.0,18.2,2.9
103,772,3,0,1,19,0,0,0,2,0,0,221,256.8,6.3,154.0,41.8,0.3
104,900,2,1,1,19,0,0,0,1,0,0,480,255.8,45.6,206.0,50.9,3.6
105,1257,0,1,1,26,0,0,0,1,0,0,333,238.2,89.4,112.0,44.0,0.8
106,776,0,1,0,19,0,0,0,1,0,0,96,132.2,64.2,6.0,20.3,0.7
107,936,0,0,2,14,0,0,0,2,0,0,366,224.8,18.0,30.0,27.2,0.6
108,270,0,0,0,3,0,0,0,0,0,0,354,53.6,33.5,9.0,9.7,0.3
109,1048,1,4,3,14,0,0,0,3,0,0,469,238.0,326.7,252.0,81.8,4.7
110,1051,0,4,1,18,0,0,0,4,0,0,381,243.4,495.7,147.0,88.7,0.8
111,1105,2,6,1,23,0,0,0,3,0,0,353,335.2,289.1,401.0,102.7,5.6
112,90,0,0,0,1,0,0,0,0,0,0,118,11.8,31.2,0.0,4.3,0.2
113,667,1,1,2,12,0,0,0,0,0,0,121,98.2,76.2,21.0,19.4,0.6
114,1003,4,2,1,21,0,0,0,3,0,0,282,284.2,131.4,183.0,59.9,2.5
115,9,0,0,0,1,0,0,0,0,0,0,54,4.8,12.8,0.0,1.8,0.2
116,0,0,0,0,0,0,0,0,0,0,0,1,0.0,0.0,0.0,0.0,0.0
117,287,0,1,2,6,0,0,0,0,0,0,56,56.2,98.2,40.0,19.6,0.2
118,728,1,0,0,21,0,0,1,4,0,0,397,155.0,228.7,237.0,62.0,1.1
119,25,0,0,0,2,0,0,0,0,0,0,220,4.0,0.9,4.0,1.0,0.0
120,1049,1,2,2,19,0,0,0,3,0,0,315,185.6,325.6,246.0,75.4,2.3
121,24,0,0,0,1,0,0,0,0,0,0,12,0.0,3.2,13.0,1.5,1.0
122,412,2,0,0,6,0,0,0,1,0,0,225,87.6,36.2,132.0,25.0,0.4
123,90,0,0,1,0,0,0,0,0,0,3,110,21.6,0.0,0.0,2.2,0.1
124,1170,0,0,2,16,1,2,0,2,0,31,151,263.6,0.0,0.0,26.4,4.2
125,712,1,1,2,6,0,0,1,1,0,0,212,147.2,141.3,80.0,36.9,4.8
126,966,2,0,2,14,0,0,0,2,0,0,327,260.6,97.3,104.0,46.3,4.7
127,1080,0,1,2,15,0,0,0,2,0,0,221,283.8,18.0,49.0,35.0,5.4
128,984,0,0,1,12,0,0,0,1,0,0,336,199.2,39.8,37.0,27.8,23.3
129,247,0,0,1,3,0,0,0,0,0,0,126,33.0,18.4,25.0,7.5,0.2
130,0,0,0,0,0,0,0,0,0,0,0,22,0.0,0.0,0.0,0.0,2.1
131,0,0,0,0,0,0,0,0,0,0,0,53,0.0,0.0,0.0,0.0,0.4
132,468,0,0,1,8,0,0,0,0,0,0,304,94.8,26.2,39.0,16.0,1.3
133,795,1,2,3,9,0,0,0,1,0,0,245,130.2,277.4,282.0,68.3,1.7
134,990,2,1,2,14,0,0,0,2,0,0,654,190.4,423.0,362.0,97.6,6.6
135,404,0,0,0,9,0,0,0,1,0,0,241,47.0,60.5,29.0,13.6,0.1
136,232,0,0,0,4,0,0,0,1,0,0,365,31.4,10.3,1.0,4.4,0.2
137,1103,2,0,3,15,0,0,0,6,0,0,418,249.4,148.0,169.0,56.4,4.8
138,0,0,0,0,0,0,0,0,0,0,0,44,0.0,0.0,0.0,0.0,0.1
139,0,0,0,0,0,0,0,0,0,0,0,75,0.0,0.0,0.0,0.0,0.0
140,475,0,0,1,7,0,0,0,3,0,0,130,77.0,42.8,0.0,12.0,0.2
141,370,0,0,0,3,0,0,0,0,0,0,283,41.0,107.8,107.0,25.5,1.0
142,179,0,0,0,3,0,0,0,0,0,0,278,25.4,18.7,6.0,5.0,0.2
143,1106,7,3,3,14,0,0,0,2,0,0,754,389.6,295.0,544.0,122.9,26.5
144,46,0,0,0,0,0,0,0,0,0,0,289,6.8,17.2,22.0,4.6,0.8
145,0,0,0,0,0,0,0,0,0,0,0,19,0.0,0.0,0.0,0.0,0.0
146,0,0,0,0,0,0,0,0,0,0,0,0,0.0,0.0,0.0,0.0,0.0
147,450,0,0,1,7,0,1,0,0,0,21,0,162.6,0.0,0.0,16.3,18.7
148,0,0,0,0,0,0,0,0,0,0,0,0,0.0,0.0,0.0,0.0,1.6
149,1260,0,1,1,29,0,0,0,1,0,0,0,427.2,14.4,98.0,54.0,2.0
150,540,2,0,0,9,1,0,0,1,0,0,0,247.6,2.4,93.0,34.3,1.0
151,0,0,0,0,0,0,0,0,0,0,0,0,0.0,0.0,0.0,0.0,0.0
152,783,0,0,1,18,0,0,0,2,0,0,0,136.2,55.8,7.0,19.9,0.9
153,378,0,1,0,14,0,0,0,0,0,0,0,106.4,12.8,21.0,14.1,0.0
154,0,0,0,0,0,0,0,0,0,0,0,0,0.0,0.0,0.0,0.0,0.2
155,1102,4,1,2,26,0,0,0,1,0,0,0,249.6,356.1,261.0,85.7,5.1
156,1242,0,1,1,29,0,0,0,5,0,0,0,188.0,149.8,68.0,40.7,0.1
157,1180,0,1,1,29,0,0,0,2,1,0,0,277.8,91.6,55.0,42.4,0.1
158,1108,0,0,1,27,0,0,0,0,1,0,0,190.6,97.1,35.0,32.3,0.2
159,0,0,0,0,0,0,0,0,0,0,0,0,0.0,0.0,0.0,0.0,0.0
160,621,0,1,1,13,0,0,0,2,0,0,0,66.8,99.0,35.0,20.1,0.2
161,686,1,0,1,18,0,0,0,1,0,0,0,132.2,113.1,57.0,30.3,0.3
162,151,1,1,0,5,0,0,0,0,0,0,0,73.6,38.8,48.0,16.0,0.8
163,671,1,1,2,11,0,0,0,0,0,0,0,61.6,92.8,221.0,37.4,1.0
164,642,1,0,2,10,0,0,0,1,0,0,0,80.0,117.0,110.0,30.8,4.6
165,686,0,0,2,11,0,0,0,0,0,35,475,221.2,0.0,0.0,22.2,6.1
166,574,0,0,1,13,0,0,0,0,0,14,0,107.0,0.0,2.0,11.0,0.4
167,1260,1,1,3,24,0,0,0,0,0,0,549,252.0,34.2,133.0,42.0,17.7
168,1237,1,1,3,24,0,0,0,4,0,0,482,321.2,256.7,64.0,64.4,7.5
169,141,0,0,0,2,0,0,0,0,0,0,236,23.4,29.2,16.0,6.9,0.2
170,0,0,0,0,0,0,0,0,0,0,0,35,0.0,0.0,0.0,0.0,1.1
171,0,0,0,0,0,0,0,0,0,0,0,129,0.0,0.0,0.0,0.0,0.1
172,1105,0,1,3,19,0,0,0,4,0,0,390,193.8,66.6,40.0,30.0,1.5
173,1166,0,1,3,22,1,0,0,4,0,0,453,221.6,14.7,150.0,38.6,1.6
174,0,0,0,0,0,0,0,0,0,0,0,15,0.0,0.0,0.0,0.0,0.2
175,237,0,0,0,7,0,0,0,0,0,0,0,49.4,60.4,0.0,11.0,0.4
176,1083,3,2,3,20,0,0,1,2,0,0,994,226.4,297.8,361.0,88.6,10.2
177,771,0,0,4,14,0,0,0,1,0,0,519,77.4,167.1,65.0,30.8,0.8
178,625,0,0,0,11,0,0,0,0,0,0,174,77.2,69.3,80.0,22.7,0.2
179,1068,0,1,3,20,0,0,0,1,0,0,592,197.6,138.5,147.0,48.4,4.4
180,0,0,0,0,0,0,0,0,0,0,0,20,0.0,0.0,0.0,0.0,0.2
181,233,1,2,0,5,0,0,0,1,0,0,57,76.2,56.6,43.0,17.6,0.5
182,837,0,1,2,18,0,0,0,2,0,0,23,103.4,122.7,57.0,28.5,0.2
183,52,0,0,0,0,0,0,0,1,0,0,0,0.0,0.8,0.0,0.0,0.3
184,1045,2,3,3,23,0,0,0,2,0,0,945,129.4,147.8,266.0,53.8,8.8
185,99,0,0,0,2,0,0,0,0,0,0,226,4.8,11.4,21.0,3.3,0.2
186,615,2,0,2,9,0,0,0,0,0,0,320,86.6,70.9,184.0,33.4,1.7
187,488,2,0,1,11,0,0,0,1,0,0,0,101.0,107.7,167.0,37.0,3.7
188,450,0,0,0,8,0,1,0,0,0,10,340,109.2,0.0,0.0,10.8,1.9
189,810,0,0,3,10,0,0,0,0,0,19,0,143.2,0.0,0.0,14.4,1.9
190,0,0,0,0,0,0,0,0,0,0,0,273,0.0,0.0,0.0,0.0,0.1
191,990,2,0,3,15,0,0,0,3,0,0,248,309.8,50.6,128.0,48.9,7.1
192,200,0,1,0,5,0,0,0,1,0,0,394,40.2,32.5,8.0,8.1,1.8
193,1260,0,1,3,18,0,0,0,0,0,0,387,222.2,315.3,139.0,67.6,11.8
194,225,0,0,0,4,0,0,0,1,0,0,67,44.4,15.4,0.0,6.0,0.3
195,0,0,0,0,0,0,0,0,0,0,0,58,0.0,0.0,0.0,0.0,0.0
196,0,0,0,0,0,0,0,0,0,0,0,30,0.0,0.0,0.0,0.0,1.3
197,80,0,0,0,2,0,0,0,1,0,0,35,10.2,1.5,25.0,3.7,3.2
198,20,0,0,0,0,0,0,0,0,0,0,69,3.6,0.4,0.0,0.4,0.1
199,990,1,0,3,9,0,0,0,1,0,0,0,263.6,57.2,112.0,43.2,3.1
200,286,0,0,0,6,0,0,0,1,0,0,253,77.8,16.4,27.0,12.3,0.2
201,1243,1,4,3,18,0,0,0,6,0,0,250,354.2,391.4,42.0,78.8,2.0
202,1012,4,2,3,17,0,0,0,4,0,0,132,319.4,287.5,301.0,90.9,12.9
203,960,5,6,3,11,0,0,0,2,0,0,459,395.8,526.6,529.0,144.9,20.0
204,661,3,1,3,9,0,0,0,2,0,0,399,199.6,183.2,241.0,62.1,2.5
205,788,3,5,2,15,0,0,0,1,0,0,416,279.0,229.6,304.0,80.9,7.6
206,0,0,0,0,0,0,0,0,0,0,0,0,0.0,0.0,0.0,0.0,0.0
207,0,0,0,0,0,0,0,0,0,0,0,81,0.0,0.0,0.0,0.0,0.0
208,1061,5,1,3,13,0,0,0,1,0,0,508,386.4,303.4,221.0,91.2,7.6
209,1154,5,5,3,17,0,0,0,1,0,0,522,356.4,491.2,626.0,147.5,18.4
210,0,0,0,0,0,0,0,0,0,0,0,27,0.0,0.0,0.0,0.0,0.1
211,0,0,0,0,0,0,0,0,0,0,0,2,0.0,0.0,0.0,0.0,0.1
212,1117,7,4,4,12,0,0,0,1,0,0,635,387.8,294.0,544.0,122.6,19.4
213,1063,7,1,1,23,0,0,1,3,0,0,315,284.4,202.6,661.0,113.4,7.7
214,380,0,3,1,4,0,0,0,1,0,0,283,54.0,91.5,223.0,36.6,0.8
215,0,0,0,0,0,0,0,0,0,0,0,0,0.0,0.0,0.0,0.0,0.2
216,0,0,0,0,0,0,0,0,0,0,0,81,0.0,0.0,0.0,0.0,0.2
217,260,2,0,0,6,0,0,0,0,0,0,200,87.6,65.0,102.0,25.3,2.9
218,0,0,0,0,0,0,0,0,0,0,0,360,0.0,0.0,0.0,0.0,1.1
219,270,0,0,0,3,0,0,0,0,0,5,45,47.6,0.0,0.0,4.8,0.4
220,1112,0,0,2,13,1,0,0,4,0,0,429,233.0,122.0,101.0,45.8,3.5
221,428,0,0,0,6,0,0,0,1,0,0,152,68.6,27.3,2.0,9.8,1.1
222,114,0,0,0,1,0,0,0,1,0,0,173,16.4,1.3,6.0,2.4,0.4
223,551,0,0,1,7,0,0,0,0,0,0,166,105.6,87.6,6.0,20.0,1.1
224,527,0,1,1,5,0,0,0,1,0,0,386,78.2,41.4,29.0,14.9,2.0
225,0,0,0,0,0,0,0,0,0,0,0,235,0.0,0.0,0.0,0.0,0.3
226,951,0,2,1,12,0,0,0,5,0,0,353,289.0,73.4,95.0,46.0,2.9
227,30,0,0,0,1,0,0,0,0,0,0,156,0.0,4.2,2.0,0.6,0.1
228,997,4,3,2,11,0,0,0,3,0,0,400,256.6,254.7,521.0,103.1,9.9
229,16,0,0,0,0,0,0,0,0,0,0,164,4.8,12.3,41.0,5.8,0.2
230,979,0,2,2,12,0,0,0,1,0,0,351,200.2,537.0,286.0,102.4,2.2
231,195,2,0,0,3,0,0,0,0,0,0,525,86.2,33.3,106.0,22.5,1.7
232,378,0,2,1,7,0,0,0,1,0,0,408,40.8,159.5,74.0,27.3,0.6
233,1260,1,1,2,15,0,0,0,3,1,0,417,247.2,264.7,165.0,67.6,1.8
234,301,0,0,1,3,0,0,0,1,0,0,236,63.4,17.6,5.0,8.6,0.2
235,951,2,9,1,12,0,0,1,1,0,0,546,323.8,631.2,315.0,127.2,10.4
236,594,3,1,3,5,0,0,0,0,0,0,0,179.6,188.7,188.0,55.7,9.3
237,576,3,3,2,5,0,0,0,3,1,0,0,163.2,189.6,247.0,59.7,1.3
238,0,0,0,0,0,0,0,0,0,0,0,0,0.0,0.0,0.0,0.0,0.0
239,1006,10,1,2,13,0,0,1,3,1,0,789,394.4,193.2,881.0,146.4,29.8
240,677,2,0,3,12,0,0,0,1,0,0,249,102.8,116.8,271.0,49.0,1.1
241,301,3,3,1,3,0,0,0,0,0,0,242,179.0,152.3,323.0,64.9,4.2
242,1260,0,0,4,16,0,0,0,1,0,30,368,230.4,0.0,0.0,22.9,36.0
243,0,0,0,0,0,0,0,0,0,0,0,40,0.0,0.0,0.0,0.0,0.1
244,453,1,0,1,9,0,0,0,0,0,0,381,124.4,2.7,41.0,16.8,1.0
245,360,0,0,0,4,0,0,0,0,0,0,64,100.0,13.9,22.0,13.6,0.5
246,0,0,0,0,0,0,0,0,0,0,0,36,0.0,0.0,0.0,0.0,0.0
247,525,0,1,3,5,0,0,0,0,0,0,92,79.2,73.7,37.0,19.0,9.7
248,489,0,0,1,6,0,0,0,1,0,0,192,133.0,38.3,38.0,20.9,0.5
249,353,0,0,1,9,1,0,0,0,0,0,28,30.6,51.1,28.0,10.7,0.3
250,1051,0,0,3,13,0,0,0,2,0,0,186,235.8,259.5,60.0,55.5,6.3
251,423,0,0,2,3,0,0,0,1,0,0,257,59.8,33.7,10.0,10.3,0.8
252,0,0,0,0,0,0,0,0,0,0,0,123,0.0,0.0,0.0,0.0,0.0
253,1,0,0,0,0,0,0,0,0,0,0,40,0.0,0.0,0.0,0.0,0.2
254,837,0,2,4,10,0,0,0,0,0,0,477,269.2,211.2,29.0,50.9,7.7
255,771,0,0,3,10,0,0,0,3,0,0,0,192.0,7.4,27.0,22.8,6.5
256,745,3,1,5,8,0,0,0,2,0,0,586,243.4,334.0,316.0,89.4,4.1
257,705,0,0,3,10,0,0,0,6,0,0,164,132.8,123.4,57.0,30.8,0.3
258,24,0,0,0,1,0,0,0,1,0,0,259,1.2,1.8,4.0,0.7,0.2
259,283,0,0,0,3,0,0,0,0,0,0,275,60.2,8.9,5.0,7.3,1.3
260,237,0,0,1,3,0,0,0,1,0,0,178,42.6,16.8,18.0,7.8,0.1
261,504,0,0,0,14,0,0,0,0,1,0,33,56.8,153.1,113.0,32.4,0.5
262,834,0,1,2,10,0,0,0,2,1,0,307,205.8,188.3,78.0,47.4,0.4
263,0,0,0,0,0,0,0,0,0,0,0,12,0.0,0.0,0.0,0.0,0.0
264,14,0,0,0,1,0,0,0,0,0,0,317,1.6,4.9,2.0,0.9,0.2
265,0,0,0,0,0,0,0,0,0,0,0,200,0.0,0.0,0.0,0.0,0.1
266,418,0,1,2,7,0,0,0,0,0,0,318,89.8,202.4,166.0,45.8,0.4
267,465,1,3,3,4,0,0,0,0,0,0,593,127.2,147.2,158.0,43.3,2.6
268,217,0,0,1,2,0,0,0,0,0,0,0,45.0,75.7,103.0,22.3,1.6
269,652,1,4,2,9,0,0,0,4,0,0,509,175.4,295.7,205.0,67.8,2.5
270,0,0,0,0,0,0,0,0,0,0,0,1,0.0,0.0,0.0,0.0,0.1
271,736,3,0,2,12,0,0,0,1,0,0,237,144.0,173.3,312.0,62.9,5.7
272,1170,8,1,4,15,0,0,0,4,0,0,0,331.8,354.5,929.0,161.0,26.9
273,0,0,0,0,0,0,0,0,0,0,0,0,0.0,0.0,0.0,0.0,0.1
274,1080,0,0,3,14,0,0,0,1,0,28,0,220.6,0.0,0.0,22.1,5.3
275,390,1,0,2,5,0,0,0,2,0,0,0,120.6,8.3,64.0,19.4,0.2
276,900,0,2,2,12,0,0,0,1,0,0,0,235.8,88.7,89.0,41.5,3.4
277,0,0,0,0,0,0,0,0,0,0,0,0,0.0,0.0,0.0,0.0,0.6
278,1260,1,0,4,15,0,0,0,0,0,0,0,334.0,17.3,37.0,38.8,7.7
279,320,0,0,1,5,0,0,0,0,0,0,0,47.6,31.9,38.0,11.9,0.3
280,0,0,0,0,0,0,0,0,0,0,0,0,0.0,0.0,0.0,0.0,0.0
281,122,0,0,0,2,0,0,0,0,0,0,0,8.4,20.5,33.0,6.0,0.0
282,917,1,2,2,12,0,0,0,1,0,0,0,168.0,283.0,164.0,61.5,0.5
283,936,0,0,4,10,0,0,0,3,0,0,0,142.2,74.0,15.0,23.0,0.6
284,30,0,0,0,0,0,0,0,0,0,0,0,5.4,14.2,8.0,2.7,0.0
285,0,0,0,0,0,0,0,0,0,0,0,0,0.0,0.0,0.0,0.0,0.0
286,1149,0,1,4,13,0,0,0,2,0,0,0,135.4,209.7,78.0,42.2,0.2
287,0,0,0,0,0,0,0,0,0,0,0,0,0.0,0.0,0.0,0.0,0.2
288,0,0,0,0,0,0,0,0,0,0,0,0,0.0,0.0,0.0,0.0,0.1
289,251,0,2,1,4,0,0,0,0,0,0,0,44.2,56.2,108.0,20.9,0.2
290,862,1,0,2,11,0,0,0,3,0,0,0,90.8,70.8,84.0,24.5,0.7
291,43,0,0,0,0,0,0,0,0,0,0,0,3.4,3.3,2.0,0.7,0.3
292,107,0,0,0,1,0,0,0,0,0,0,0,18.4,25.7,64.0,10.8,0.2
293,532,3,0,1,8,0,0,0,3,0,0,0,138.0,72.2,97.0,30.4,4.0
294,1260,0,0,5,15,0,0,0,2,0,19,233,148.4,10.0,0.0,15.8,4.9
295,0,0,0,0,0,0,0,0,0,0,0,15,0.0,0.0,0.0,0.0,0.0
296,797,0,1,5,9,0,0,0,2,0,0,415,133.6,121.9,62.0,31.8,1.1
297,1170,0,0,5,14,0,0,0,1,0,0,487,253.4,43.8,78.0,37.5,5.0
298,180,0,1,0,3,0,0,0,1,0,0,152,33.2,20.6,43.0,9.7,0.3
299,283,0,0,0,4,0,0,0,0,0,0,169,55.8,81.6,9.0,14.7,0.3
300,0,0,0,0,0,0,0,0,0,0,0,0,0.0,0.0,0.0,0.0,0.2
301,822,0,0,4,9,0,0,0,1,0,0,320,194.0,233.8,41.0,47.0,2.3
302,346,0,0,1,4,0,0,0,0,0,0,203,49.4,61.2,14.0,12.3,0.5
303,1260,0,0,5,15,0,0,0,3,0,0,452,366.2,54.5,156.0,57.7,10.7
304,1231,3,0,5,15,0,0,0,1,0,0,379,215.8,400.8,426.0,104.5,7.7
305,1056,0,1,4,12,0,0,0,1,0,0,535,159.4,304.2,168.0,63.1,0.6
306,298,1,1,1,5,0,0,0,0,0,0,266,106.6,144.1,129.0,38.0,0.2
307,13,0,0,0,0,0,0,0,0,0,0,1,0.0,0.2,0.0,0.0,0.1
308,855,1,2,4,10,0,0,0,2,0,0,564,165.2,509.8,338.0,101.4,1.5
309,500,0,0,0,9,0,0,0,2,0,0,183,40.8,71.0,54.0,15.4,0.1
310,1181,0,0,5,13,0,0,0,3,0,0,239,205.0,79.4,68.0,35.2,0.6
311,119,1,0,0,3,0,0,0,0,0,0,56,43.6,20.6,75.0,13.9,0.2
312,712,0,0,4,6,0,0,0,1,0,0,0,114.8,189.6,104.0,40.7,1.5
313,366,0,0,0,6,0,0,0,1,0,0,435,34.0,76.0,179.0,28.8,3.1
314,866,6,1,6,7,0,0,0,1,0,0,32,264.8,128.4,556.0,94.7,17.4
315,450,0,0,0,14,1,1,0,1,0,18,24,144.8,0.0,0.0,14.4,0.6
316,0,0,0,0,0,0,0,0,0,0,0,341,0.0,0.0,0.0,0.0,1.1
317,0,0,0,0,0,0,0,0,0,0,0,31,0.0,0.0,0.0,0.0,0.1
318,1080,0,2,2,19,0,0,0,3,0,0,176,233.2,35.2,241.0,51.0,2.1
319,0,0,0,0,0,0,0,0,0,0,0,14,0.0,0.0,0.0,0.0,1.6
320,630,0,0,2,11,0,0,0,0,0,0,293,131.2,33.5,103.0,26.8,0.3
321,1170,0,0,4,15,0,0,0,2,0,0,388,196.2,113.3,14.0,32.5,4.9
322,196,1,0,2,0,0,0,0,1,0,0,111,86.4,23.5,17.0,12.7,0.4
323,661,0,0,2,9,0,0,0,2,0,0,107,89.4,69.8,40.0,20.0,0.2
324,180,0,0,0,5,0,0,0,1,0,0,330,36.4,3.4,10.0,5.0,0.2
325,484,0,0,2,6,0,0,0,0,0,0,324,86.2,32.4,52.0,17.2,0.1
326,0,0,0,0,0,0,0,0,0,0,0,12,0.0,0.0,0.0,0.0,0.6
327,0,0,0,0,0,0,0,0,0,0,0,18,0.0,0.0,0.0,0.0,0.0
328,497,0,1,2,4,0,0,0,3,0,0,109,54.2,140.8,115.0,30.8,0.1
329,950,0,0,2,17,1,0,0,2,0,0,432,173.2,151.9,22.0,34.5,0.7
330,576,1,2,2,11,0,0,0,0,0,0,312,104.4,62.8,145.0,31.3,0.1
331,1120,1,2,4,17,0,0,0,5,0,0,528,150.4,244.7,338.0,73.4,0.9
332,0,0,0,0,0,0,0,0,0,0,0,270,0.0,0.0,0.0,0.0,0.0
333,711,3,0,5,4,0,0,0,1,0,0,302,149.4,316.1,182.0,64.8,4.4
334,488,0,0,2,8,0,0,0,1,0,0,194,40.8,60.3,21.0,12.2,0.2
335,363,2,0,0,9,0,0,1,1,0,0,360,83.6,56.4,67.0,20.4,0.9
336,184,0,0,0,2,0,0,0,0,0,0,47,31.0,48.5,63.0,14.3,0.6
337,467,0,1,2,9,0,0,0,1,0,0,245,57.6,31.9,60.0,14.9,0.4
338,0,0,0,0,0,0,0,0,0,0,0,246,0.0,0.0,0.0,0.0,0.1
339,180,0,0,0,4,0,0,0,0,0,4,210,20.6,0.0,0.0,2.1,0.4
340,1080,0,0,1,20,0,0,0,0,0,56,18,370.8,10.0,0.0,38.1,15.2
341,802,0,0,3,16,0,0,0,0,0,0,231,150.0,14.1,86.0,24.9,0.8
342,535,0,0,0,10,0,0,0,1,0,0,193,107.8,1.4,0.0,10.8,0.4
343,506,0,0,1,10,0,0,0,3,0,0,211,114.2,84.8,46.0,24.5,0.0
344,1064,2,1,1,21,0,0,0,1,0,0,369,280.8,265.8,140.0,68.7,4.2
345,0,0,0,0,0,0,0,0,0,0,0,4,0.0,0.0,0.0,0.0,0.0
346,1080,0,0,1,20,0,0,0,1,0,0,176,248.8,18.9,93.0,36.2,1.2
347,343,0,1,0,9,0,0,0,1,0,0,118,40.8,26.9,26.0,9.3,0.0
348,175,0,0,0,3,0,0,0,1,0,0,246,20.2,5.5,0.0,2.6,0.1
349,45,0,0,0,1,0,0,0,1,0,0,58,16.0,15.1,0.0,3.1,0.0
350,639,0,1,0,15,0,0,0,2,0,0,112,96.8,38.5,39.0,17.5,0.9
351,69,0,0,0,1,0,0,0,0,0,0,180,14.2,31.3,52.0,9.7,0.0
352,426,0,0,1,11,0,0,0,2,0,0,172,32.8,139.3,84.0,25.6,0.1
353,1025,0,5,2,20,0,0,0,1,0,0,185,118.6,159.7,241.0,51.4,0.2
354,153,0,0,1,2,0,0,0,0,0,0,280,3.2,19.1,13.0,3.5,0.5
355,1252,8,2,1,23,0,0,0,0,0,0,595,329.2,87.3,534.0,94.8,23.4
356,1260,0,0,2,31,0,1,0,1,0,48,366,342.2,0.0,0.0,34.2,4.6
357,0,0,0,0,0,0,0,0,0,0,0,10,0.0,0.0,0.0,0.0,2.3
358,1115,0,0,2,26,0,0,0,3,0,0,239,273.8,200.1,113.0,58.8,1.1
359,1090,0,0,3,14,0,0,0,2,0,0,487,301.8,37.5,101.0,44.1,7.7
360,490,0,1,0,17,0,0,0,1,0,0,321,91.6,44.6,7.0,14.4,0.3
361,390,0,0,0,13,0,0,0,0,0,0,194,98.4,65.5,14.0,17.9,0.2
362,990,0,0,1,25,0,0,0,4,0,0,63,261.4,15.0,77.0,35.4,12.8
363,720,0,0,1,15,0,0,0,3,0,0,333,187.4,6.2,35.0,23.0,1.4
364,0,0,0,0,0,0,0,0,0,0,0,0,0.0,0.0,0.0,0.0,0.0
365,585,0,0,2,9,0,0,0,0,0,0,75,89.8,63.3,14.0,16.7,12.1
366,540,1,0,1,16,0,0,0,1,0,0,0,159.0,0.9,46.0,20.6,0.4
367,942,0,1,1,24,1,0,0,2,0,0,376,136.8,129.7,39.0,29.9,0.1
368,1167,4,4,1,31,0,0,0,1,0,0,586,328.0,374.4,392.0,109.5,7.6
369,798,1,0,2,17,0,0,0,1,0,0,269,102.2,255.5,128.0,48.6,0.3
370,417,0,0,1,10,0,0,0,2,0,0,166,39.2,27.3,4.0,7.2,0.1
371,240,0,0,1,7,0,0,0,2,0,0,4,42.6,7.2,24.0,7.4,0.0
372,546,0,0,1,14,0,0,0,0,0,0,241,79.2,89.0,12.0,18.0,0.0
373,232,0,0,0,5,0,0,0,0,0,0,202,48.6,81.0,57.0,18.6,0.1
374,232,0,0,1,6,0,0,0,0,0,0,524,9.4,31.6,57.0,9.5,1.1
375,1059,6,0,2,25,0,0,0,3,0,0,107,324.0,114.9,309.0,74.7,9.3
376,16,0,0,0,2,0,0,0,0,0,0,64,3.8,5.5,0.0,1.0,0.1
377,0,0,0,0,0,0,0,0,0,0,0,242,0.0,0.0,0.0,0.0,0.0
378,0,0,0,0,0,0,0,0,0,0,0,4,0.0,0.0,0.0,0.0,0.4
379,931,0,2,3,18,0,0,0,1,0,0,120,129.6,290.6,176.0,59.1,1.5
380,1024,0,0,5,9,0,0,0,0,0,23,419,214.0,0.0,2.0,21.6,7.0
381,236,0,0,1,1,0,0,0,0,0,6,3,55.6,0.0,0.0,5.5,0.3
382,689,0,0,4,3,0,0,0,0,0,0,598,170.8,18.6,109.0,30.0,9.9
383,810,1,1,4,6,0,0,0,5,0,0,346,207.2,148.3,150.0,50.6,5.4
384,1184,0,2,6,9,0,0,0,3,0,0,461,282.4,214.0,96.0,59.3,36.8
385,1260,0,0,6,10,0,0,0,4,0,0,335,378.4,12.0,27.0,41.8,8.6
386,284,0,0,1,2,0,0,0,1,0,0,192,60.4,42.4,57.0,15.9,0.2
387,13,0,0,0,0,0,0,0,0,0,0,110,1.0,0.6,2.0,0.4,0.1
388,180,0,0,0,3,1,0,0,1,0,0,131,17.0,12.3,0.0,2.9,0.1
389,0,0,0,0,0,0,0,0,0,0,0,227,0.0,0.0,0.0,0.0,0.2
390,991,0,0,5,9,0,0,0,2,0,0,526,184.4,75.0,88.0,34.9,5.0
391,604,0,1,3,7,0,0,0,3,0,0,473,126.8,105.7,32.0,26.5,0.3
392,635,4,2,1,10,0,0,0,1,0,0,173,199.6,104.9,236.0,53.6,2.2
393,595,1,1,4,2,0,0,1,1,0,0,519,121.8,275.2,225.0,62.2,4.1
394,1133,3,4,5,10,0,0,0,0,0,0,738,331.0,502.4,465.0,130.0,7.4
395,0,0,0,0,0,0,0,0,0,0,0,29,0.0,0.0,0.0,0.0,0.1
396,743,1,0,0,21,0,0,0,3,0,0,147,109.4,132.7,111.0,35.3,0.1
397,1,0,0,0,0,0,0,0,0,0,0,93,0.0,0.0,0.0,0.0,0.2
398,986,3,4,5,7,0,0,0,2,0,0,666,210.4,299.2,345.0,85.3,5.0
399,13,0,0,0,0,0,0,0,0,0,0,17,7.4,1.5,0.0,0.9,0.1
400,1220,1,0,5,10,0,0,0,3,0,0,268,208.4,198.9,114.0,52.2,3.3
401,0,0,0,0,0,0,0,0,0,0,0,-4,0.0,0.0,0.0,0.0,0.0
402,770,5,5,5,6,0,0,0,1,0,0,244,275.6,270.7,375.0,91.9,7.0
403,757,7,1,4,7,0,0,0,0,0,0,1053,314.0,160.6,406.0,88.2,16.2
404,0,0,0,0,0,0,0,0,0,0,0,38,0.0,0.0,0.0,0.0,0.0
405,598,1,2,1,6,0,0,0,0,0,0,0,73.4,173.2,307.0,54.7,1.0
406,58,0,0,0,4,0,0,0,0,0,6,146,41.2,0.0,0.0,4.1,0.5
407,1202,0,0,3,20,1,0,0,1,0,34,375,241.0,0.0,0.0,24.1,2.1
408,405,0,0,0,7,0,0,0,1,0,0,335,75.2,25.9,8.0,10.9,0.2
409,1085,0,1,3,16,0,0,0,2,0,0,181,241.6,44.8,50.0,33.4,1.0
410,0,0,0,0,0,0,0,0,0,0,0,88,0.0,0.0,0.0,0.0,5.6
411,1134,2,1,3,23,0,0,0,6,0,0,96,297.8,200.6,91.0,59.1,7.3
412,833,0,1,1,12,0,0,0,2,0,0,275,149.0,83.4,32.0,26.4,1.2
413,983,0,0,3,16,0,0,0,4,1,0,205,201.0,44.5,67.0,31.3,0.5
414,221,1,0,0,7,0,0,0,0,0,0,0,67.2,11.5,47.0,12.7,0.1
415,323,0,1,0,9,0,0,0,1,0,0,56,53.8,58.6,46.0,15.9,0.1
416,1219,5,1,3,23,0,0,0,1,0,0,347,343.4,299.2,202.0,84.4,38.9
417,0,0,0,0,0,0,0,0,0,0,0,250,0.0,0.0,0.0,0.0,0.0
418,44,0,0,0,1,0,0,0,0,1,0,351,3.6,1.3,0.0,0.4,0.8
419,10,0,0,0,0,0,0,0,0,0,0,176,0.0,0.0,0.0,0.0,0.1
420,1113,0,0,3,20,0,0,0,5,0,0,127,114.8,52.3,16.0,18.4,0.3
421,0,0,0,0,0,0,0,0,0,0,0,55,0.0,0.0,0.0,0.0,0.0
422,969,0,2,2,22,0,0,0,3,0,0,74,150.4,276.9,188.0,61.2,0.1
423,0,0,0,0,0,0,0,0,0,0,0,69,0.0,0.0,0.0,0.0,0.1
424,191,1,0,1,1,0,0,0,1,0,0,0,67.6,32.1,116.0,21.7,0.0
425,1246,3,3,3,24,0,0,0,4,0,0,629,230.6,224.0,369.0,81.9,5.3
426,883,1,1,2,19,0,0,0,1,0,0,709,82.8,146.7,346.0,56.9,3.3
427,0,0,0,0,0,0,0,0,0,0,0,0,0.0,0.0,0.0,0.0,0.0
428,1,0,0,0,0,0,0,0,0,0,0,0,0.0,0.0,0.0,0.0,0.3
429,0,0,0,0,0,0,0,0,0,0,0,218,0.0,0.0,0.0,0.0,0.5
430,1260,0,0,3,17,0,0,0,0,0,47,129,325.6,10.0,1.0,33.8,15.9
431,1170,1,0,3,15,0,0,0,6,0,0,343,246.8,48.4,48.0,34.4,7.3
432,320,0,0,1,6,0,0,0,2,0,0,261,46.2,0.7,10.0,5.8,0.7
433,1260,0,0,3,17,0,0,0,4,0,0,433,229.6,161.6,118.0,51.0,1.6
434,0,0,0,0,0,0,0,0,0,0,0,16,0.0,0.0,0.0,0.0,0.3
435,0,0,0,0,0,0,0,0,0,0,0,0,0.0,0.0,0.0,0.0,0.6
436,1260,3,0,3,17,0,0,0,2,0,0,339,386.8,22.3,181.0,58.9,29.2
437,0,0,0,0,0,0,0,0,0,0,0,85,0.0,0.0,0.0,0.0,0.0
438,506,1,1,1,8,0,0,0,1,0,0,230,114.6,134.0,36.0,28.6,0.6
439,1174,1,1,5,13,0,0,0,0,0,0,403,135.6,85.8,104.0,32.2,8.6
440,204,0,1,1,5,0,0,0,1,0,0,244,35.4,137.4,11.0,18.3,0.1
441,439,2,1,1,5,0,0,0,2,0,0,266,112.0,129.8,53.0,29.3,0.4
442,1103,0,0,3,13,0,0,0,5,0,0,286,163.6,42.2,24.0,23.1,0.2
443,0,0,0,0,0,0,0,0,0,0,0,27,0.0,0.0,0.0,0.0,0.2
444,646,1,2,2,11,0,0,0,5,0,0,336,140.6,157.3,216.0,51.5,0.2
445,86,0,1,0,2,0,0,0,0,0,0,28,23.2,28.7,16.0,6.7,0.4
446,1047,3,5,4,12,0,0,0,0,0,0,0,262.8,304.6,190.0,75.2,6.3
447,13,0,0,0,0,0,0,0,0,0,0,72,3.6,11.0,40.0,5.5,0.1
448,243,0,0,2,2,0,0,0,1,0,0,226,0.0,4.4,77.0,7.4,0.4
449,1179,4,2,3,17,0,0,0,0,0,0,354,201.6,198.9,468.0,86.6,5.0
450,990,0,0,3,20,0,0,0,1,0,37,356,256.0,10.0,0.0,26.6,2.4
451,270,0,0,0,9,0,0,0,0,0,15,56,105.8,0.0,0.0,10.6,0.6
452,726,1,0,1,16,0,0,0,1,0,0,217,209.4,33.1,92.0,33.4,5.5
453,977,1,3,3,22,0,0,0,5,1,0,294,358.4,47.2,72.0,47.7,2.0
454,434,0,1,1,7,0,0,0,1,1,0,514,54.6,39.4,18.0,11.2,0.3
455,0,0,0,0,0,0,0,0,0,0,0,28,0.0,0.0,0.0,0.0,0.4
456,990,0,0,2,23,0,0,0,1,0,0,284,227.4,76.8,25.0,32.8,0.9
457,264,0,0,1,6,0,0,0,2,0,0,39,61.6,30.2,4.0,9.6,0.3
458,1058,0,0,3,21,0,0,0,4,0,0,581,93.2,166.7,60.0,31.9,1.4
459,1170,0,0,3,24,0,0,0,1,0,0,498,187.8,57.0,69.0,31.2,0.9
460,689,0,0,2,12,0,0,0,3,0,0,163,121.2,47.0,43.0,21.1,0.3
461,995,1,7,2,23,0,0,0,1,0,0,701,267.2,730.6,322.0,131.9,9.5
462,835,3,0,3,21,0,0,0,1,0,0,381,183.2,245.0,209.0,63.9,0.3
463,0,0,0,0,0,0,0,0,0,0,0,0,0.0,0.0,0.0,0.0,0.1
464,1103,6,1,3,23,0,0,0,4,0,0,452,338.2,213.8,562.0,111.4,7.1
465,314,0,0,1,9,0,0,0,0,0,0,0,41.8,31.6,10.0,8.3,0.1
466,134,0,0,0,3,0,0,0,1,0,0,0,19.8,57.8,30.0,10.7,0.7
467,240,0,1,1,4,0,0,0,0,0,0,0,28.2,87.8,33.0,14.6,0.1
468,108,1,0,0,5,0,0,0,0,0,0,381,43.6,17.0,21.0,8.2,1.4
469,286,0,1,1,4,0,0,0,0,0,0,200,8.2,6.2,196.0,20.4,1.8
470,125,1,0,0,2,0,0,0,0,0,0,286,36.6,5.1,25.0,6.7,0.1
471,0,0,0,0,0,0,0,0,0,0,0,0,0.0,0.0,0.0,0.0,1.9
472,180,0,0,0,4,0,0,0,0,0,5,0,32.4,0.0,0.0,3.2,2.5
473,827,1,2,3,15,0,0,0,0,0,0,0,173.4,214.0,144.0,53.3,0.2
474,271,0,0,0,6,0,0,0,0,0,0,0,57.4,17.3,22.0,9.8,0.4
475,30,0,0,0,0,0,0,0,0,0,0,0,5.2,15.8,8.0,2.9,0.2
476,431,0,0,1,4,0,0,0,1,0,0,0,81.8,11.8,8.0,10.3,0.1
477,1238,0,0,4,15,0,0,0,3,0,0,0,250.4,128.9,30.0,41.1,1.5
478,1156,3,3,4,14,0,0,0,1,0,0,0,223.8,188.7,412.0,82.3,13.7
479,421,1,1,1,7,0,0,0,1,0,0,0,105.6,48.5,71.0,22.5,2.1
480,0,0,0,0,0,0,0,0,0,0,0,0,0.0,0.0,0.0,0.0,0.2
481,0,0,0,0,0,0,0,0,0,0,0,0,0.0,0.0,0.0,0.0,0.0
482,7,0,0,0,1,0,0,0,0,0,0,0,1.2,0.1,0.0,0.1,0.0
483,3,0,0,0,0,0,0,0,0,0,0,0,0.0,0.3,0.0,0.0,0.4
484,270,0,0,1,5,0,0,0,1,0,0,0,74.4,1.5,12.0,8.8,0.6
485,930,1,2,2,16,0,0,0,1,0,0,630,189.0,261.8,181.0,63.3,1.4
486,164,0,1,1,2,0,0,0,0,0,0,0,12.4,6.1,16.0,3.4,0.4
487,9,0,0,0,0,0,0,0,0,0,0,0,1.6,0.3,0.0,0.2,0.1
488,1152,0,2,3,10,0,0,0,5,0,0,270,233.0,192.6,102.0,52.8,0.4
489,315,0,1,0,3,0,0,0,0,0,0,0,56.4,96.5,61.0,21.5,0.2
490,180,0,0,1,1,0,0,0,0,0,6,188,40.0,0.0,0.0,4.0,0.6
491,920,2,2,4,9,0,0,0,5,0,0,0,185.6,287.6,270.0,74.3,0.8
492,12,0,0,0,0,0,0,0,0,0,0,0,0.0,16.8,17.0,3.4,0.0
493,0,0,0,0,0,0,0,0,0,0,0,0,0.0,0.0,0.0,0.0,0.1
494,0,0,0,0,0,0,0,0,0,0,0,9,0.0,0.0,0.0,0.0,0.0
495,294,0,1,1,2,0,0,0,0,0,0,0,88.6,40.1,43.0,17.2,3.1
496,0,0,0,0,0,0,0,0,0,0,0,0,0.0,0.0,0.0,0.0,0.1
497,0,0,0,0,0,0,0,0,0,0,0,0,0.0,0.0,0.0,0.0,0.1
498,0,0,0,0,0,0,0,0,0,0,0,0,0.0,0.0,0.0,0.0,0.1
499,857,0,0,1,17,0,0,0,3,1,0,0,261.2,7.3,41.0,31.0,0.2
500,768,3,2,1,22,0,0,0,0,0,0,0,162.0,181.0,422.0,75.9,1.5
501,0,0,0,0,0,0,0,0,0,0,0,0,0.0,0.0,0.0,0.0,0.0
502,0,0,0,0,0,0,0,0,0,0,0,0,0.0,0.0,0.0,0.0,0.4
503,1170,2,1,4,15,0,0,0,4,0,0,0,261.0,429.4,317.0,100.8,8.3
504,0,0,0,0,0,0,0,0,0,0,0,0,0.0,0.0,0.0,0.0,0.4
505,526,0,1,1,18,0,0,0,1,0,0,0,126.4,63.8,3.0,19.3,0.2
506,198,0,0,0,5,0,0,0,1,0,0,3,47.2,17.7,0.0,6.5,4.2
507,379,1,1,1,8,0,0,0,0,0,0,0,42.8,29.8,100.0,16.6,0.1
508,0,0,0,0,0,0,0,0,0,0,0,0,0.0,0.0,0.0,0.0,0.0
509,0,0,0,0,0,0,0,0,0,0,0,0,0.0,0.0,0.0,0.0,0.0
510,0,0,0,0,0,0,0,0,0,0,0,0,0.0,0.0,0.0,0.0,0.5
511,165,0,0,1,1,0,0,0,1,0,0,0,5.4,45.1,1.0,5.1,0.0
512,43,0,0,0,0,0,0,0,0,0,0,0,4.6,3.3,0.0,0.8,0.0
513,136,1,0,0,2,0,0,0,0,0,0,0,47.2,33.8,39.0,12.0,0.1
514,0,0,0,0,0,0,0,0,0,0,0,0,0.0,0.0,0.0,0.0,0.0
515,0,0,0,0,0,0,0,0,0,0,0,0,0.0,0.0,0.0,0.0,0.2
516,53,0,0,0,1,0,0,0,0,0,0,0,0.2,3.9,2.0,0.7,0.1
517,0,0,0,0,0,0,0,0,0,0,0,0,0.0,0.0,0.0,0.0,0.3
518,0,0,0,0,0,0,0,0,0,0,0,0,0.0,0.0,0.0,0.0,0.1
519,157,0,0,0,3,0,0,0,0,0,0,0,31.2,4.9,0.0,3.7,0.3
520,323,0,0,1,5,0,0,0,3,0,0,0,31.8,65.9,50.0,14.5,0.1
521,10,0,0,0,0,0,0,0,0,0,0,0,0.0,0.0,2.0,0.2,0.0
522,0,0,0,0,0,0,0,0,0,0,0,0,0.0,0.0,0.0,0.0,0.1
523,0,0,0,0,0,0,0,0,0,0,0,0,0.0,0.0,0.0,0.0,0.0
524,0,0,0,0,0,0,0,0,0,0,0,0,0.0,0.0,0.0,0.0,0.4
525,628,1,3,3,10,0,0,0,1,0,0,0,181.2,215.8,69.0,46.7,0.3
526,135,0,0,0,2,0,0,0,0,0,0,0,3.8,18.7,66.0,8.4,0.0
527,250,0,0,1,3,0,0,0,1,0,0,0,53.4,46.8,0.0,10.1,0.0
528,0,0,0,0,0,0,0,0,0,0,0,0,0.0,0.0,0.0,0.0,0.0
529,0,0,0,0,0,0,0,0,0,0,0,0,0.0,0.0,0.0,0.0,0.1
530,62,0,1,0,0,0,0,0,1,0,0,0,28.8,26.9,7.0,6.3,0.0
531,85,0,0,0,4,0,0,0,0,0,0,0,7.6,5.1,8.0,2.1,0.0
532,0,0,0,0,0,0,0,0,0,0,0,0,0.0,0.0,0.0,0.0,0.1
533,561,0,0,2,5,0,0,0,4,1,0,0,64.4,70.3,84.0,21.9,0.0
534,0,0,0,0,0,0,0,0,0,0,0,0,0.0,0.0,0.0,0.0,0.0
535,299,0,0,0,10,0,0,0,2,0,0,0,15.2,46.7,120.0,17.1,0.2
536,251,1,2,1,2,0,0,0,0,0,0,0,66.2,66.7,52.0,18.4,0.1
537,0,0,0,0,0,0,0,0,0,0,0,0,0.0,0.0,0.0,0.0,0.2
538,636,0,0,0,12,0,0,0,1,0,0,0,86.8,51.2,28.0,16.6,0.0
539,1007,2,3,3,17,0,0,0,2,1,0,0,168.0,239.0,139.0,54.6,0.6
540,468,1,1,0,10,0,0,0,0,0,0,0,119.4,82.8,98.0,30.2,0.2
541,990,0,0,2,12,0,1,0,0,0,24,0,205.4,0.0,0.0,20.4,2.3
542,303,0,0,1,6,0,0,0,2,0,0,0,23.4,44.9,49.0,11.7,0.0
543,0,0,0,0,0,0,0,0,0,0,0,0,0.0,0.0,0.0,0.0,0.0
544,0,0,0,0,0,0,0,0,0,0,0,0,0.0,0.0,0.0,0.0,0.1
545,0,0,0,0,0,0,0,0,0,0,0,0,0.0,0.0,0.0,0.0,0.0
546,5,0,0,0,0,0,0,0,0,0,0,0,0.0,2.3,0.0,0.2,0.1
547,0,0,0,0,0,0,0,0,0,0,0,0,0.0,0.0,0.0,0.0,0.1
548,0,0,0,0,0,0,0,0,0,0,0,0,0.0,0.0,0.0,0.0,0.2
549,88,0,0,0,1,0,0,0,0,0,0,0,5.4,23.8,34.0,6.3,0.1
550,459,0,0,2,14,0,0,0,2,0,0,0,16.4,112.4,207.0,32.9,0.2
551,216,0,0,1,2,0,0,0,0,0,0,0,51.2,105.5,51.0,20.9,0.1
552,117,0,0,0,3,0,0,0,1,0,0,0,5.6,13.1,83.0,10.0,0.0
553,35,0,0,0,1,0,0,0,0,0,0,0,0.2,6.9,8.0,1.3,0.0
554,810,0,0,0,22,0,0,0,0,0,31,0,213.2,0.3,0.0,21.3,0.1
555,990,0,1,3,9,0,0,0,3,0,0,0,252.0,50.4,88.0,39.2,2.0
556,0,0,0,0,0,0,0,0,0,0,0,0,0.0,0.0,0.0,0.0,0.4
557,280,0,0,1,10,0,0,0,0,0,0,0,2.8,50.1,39.0,8.3,0.4
558,270,0,0,1,6,1,0,0,0,0,0,0,68.6,1.5,4.0,7.4,0.0
559,918,0,0,1,16,0,0,0,3,0,0,0,94.2,108.5,26.0,22.7,0.0
560,911,1,0,2,19,0,0,0,2,0,0,0,95.8,82.1,147.0,32.5,0.0
561,756,1,2,6,2,0,0,0,1,0,0,0,180.6,189.7,137.0,50.9,6.8
562,990,0,0,4,13,0,0,0,0,0,0,0,207.8,3.7,99.0,31.1,0.3
563,502,0,0,2,3,0,0,0,1,0,0,0,79.6,64.8,77.0,22.1,0.3
564,0,0,0,0,0,0,0,0,0,0,0,0,0.0,0.0,0.0,0.0,0.0
565,32,0,0,0,0,0,0,0,0,0,0,0,10.6,6.2,24.0,4.2,0.0
566,0,0,0,0,0,0,0,0,0,0,0,0,0.0,0.0,0.0,0.0,0.0
567,538,4,1,3,9,0,0,0,0,0,0,0,161.2,92.8,248.0,49.7,0.9
568,258,0,0,0,9,0,0,0,3,0,0,0,37.0,32.5,3.0,7.3,0.1
569,366,0,2,1,8,0,0,0,0,0,0,0,41.8,51.9,106.0,20.0,0.1
570,900,0,0,6,7,0,0,0,3,0,0,0,208.2,61.0,90.0,36.0,2.7
571,73,0,1,0,1,0,0,0,0,0,0,0,28.8,34.8,34.0,9.6,0.2
572,346,0,1,3,1,0,0,0,1,0,0,0,44.0,121.7,109.0,26.6,0.1
573,525,0,0,0,9,0,0,0,0,0,0,0,39.4,46.8,38.0,12.4,0.0
574,810,0,0,4,5,0,0,0,0,0,27,0,190.0,0.0,0.0,19.1,3.8
575,375,3,1,1,5,0,0,0,1,0,0,0,136.2,77.5,222.0,43.6,4.3
576,22,0,0,0,1,0,0,0,0,0,0,0,9.8,10.2,2.0,2.2,0.0
577,0,0,0,0,0,0,0,0,0,0,0,0,0.0,0.0,0.0,0.0,0.0
578,29,0,0,0,1,0,0,0,0,0,0,0,3.6,2.5,0.0,0.7,0.0
579,7,0,0,0,0,0,0,0,0,0,0,0,5.0,0.3,9.0,1.4,0.1
580,125,0,1,0,4,0,0,0,0,0,0,0,35.4,35.1,6.0,7.6,0.0
581,0,0,0,0,0,0,0,0,0,0,0,0,0.0,0.0,0.0,0.0,0.0
582,4,0,0,0,0,0,0,0,0,0,0,0,0.0,0.8,2.0,0.3,0.0
583,0,0,0,0,0,0,0,0,0,0,0,0,0.0,0.0,0.0,0.0,0.0
584,0,0,0,0,0,0,0,0,0,0,0,0,0.0,0.0,0.0,0.0,0.0
585,0,0,0,0,0,0,0,0,0,0,0,0,0.0,0.0,0.0,0.0,0.2
586,0,0,0,0,0,0,0,0,0,0,0,0,0.0,0.0,0.0,0.0,0.0
587,0,0,0,0,0,0,0,0,0,0,0,0,0.0,0.0,0.0,0.0,0.0
588,0,0,0,0,0,0,0,0,0,0,0,0,0.0,0.0,0.0,0.0,0.0
589,0,0,0,0,0,0,0,0,0,0,0,0,0.0,0.0,0.0,0.0,0.0
590,0,0,0,0,0,0,0,0,0,0,0,0,0.0,0.0,0.0,0.0,0.0
591,0,0,0,0,0,0,0,0,0,0,0,0,0.0,0.0,0.0,0.0,0.1
592,202,0,1,0,3,0,0,0,0,0,0,0,41.4,23.7,8.0,7.3,0.1
593,2,0,0,0,0,0,0,0,0,0,0,0,2.2,0.0,0.0,0.2,0.0
594,0,0,0,0,0,0,0,0,0,0,0,0,0.0,0.0,0.0,0.0,0.1
595,0,0,0,0,0,0,0,0,0,0,0,0,0.0,0.0,0.0,0.0,0.0
596,0,0,0,0,0,0,0,0,0,0,0,0,0.0,0.0,0.0,0.0,0.0
597,0,0,0,0,0,0,0,0,0,0,0,0,0.0,0.0,0.0,0.0,0.1
598,0,0,0,0,0,0,0,0,0,0,0,0,0.0,0.0,0.0,0.0,0.0
599,0,0,0,0,0,0,0,0,0,0,0,0,0.0,0.0,0.0,0.0,0.0
600,0,0,0,0,0,0,0,0,0,0,0,0,0.0,0.0,0.0,0.0,0.0
601,0,0,0,0,0,0,0,0,0,0,0,0,0.0,0.0,0.0,0.0,0.0
602,0,0,0,0,0,0,0,0,0,0,0,0,0.0,0.0,0.0,0.0,0.0
603,1,0,0,0,0,0,0,0,0,0,0,0,0.2,0.0,0.0,0.0,0.0
604,115,0,1,1,1,0,0,0,0,0,0,0,32.6,20.7,46.0,9.9,0.2
605,0,0,0,0,0,0,0,0,0,0,0,0,0.0,0.0,0.0,0.0,0.0
