total_points,mins_played,goals_scored,assists,clean_sheets,goals_conceded,own_goals,penalties_saved,penalties_missed,yellow_cards,red_cards,saves,ea_index,previous_pl_seasons,Player_pid
96,1980,0,0,10,16,0,0,0,0,0,64,297,2,1
1305,26599,0,2,76,241,1,3,0,3,1,788,1830,10,2
704,15034,15,2,70,173,2,0,0,22,4,0,2064,6,3
543,13201,5,2,57,152,0,0,0,11,2,0,1838,5,4
99,2114,1,1,11,22,0,0,0,3,1,0,317,2,5
249,4803,3,7,25,48,0,0,0,8,0,0,843,3,6
374,8612,2,11,31,106,1,0,0,11,1,0,1177,10,7
143,4603,2,6,10,79,1,0,0,12,2,0,659,4,8
235,6383,3,5,19,89,1,0,0,6,3,0,939,5,9
357,7535,1,7,39,79,0,0,0,8,0,0,1225,4,10
140,3535,1,2,13,52,0,0,0,9,1,0,519,4,11
374,5380,29,13,26,54,0,0,1,5,0,0,1578,2,12
924,13685,55,51,45,148,0,0,0,5,0,0,1856,10,13
440,7034,15,35,39,70,0,0,0,4,0,0,1887,3,14
545,10168,23,35,48,107,0,0,1,10,1,0,2363,4,15
656,12322,28,35,56,132,1,0,0,23,0,0,2202,8,16
308,8017,7,14,27,106,0,0,0,23,2,0,830,8,17
245,4573,7,12,24,61,0,0,0,5,0,0,843,5,18
31,483,1,1,4,6,0,0,0,0,0,0,129,4,19
123,4165,0,2,17,48,0,0,0,12,1,0,616,6,20
42,628,2,2,5,6,0,0,0,0,0,0,150,1,21
25,792,0,1,5,8,0,0,0,3,0,0,134,1,22
58,925,3,2,5,9,0,0,0,0,0,0,180,2,23
584,9691,57,22,48,101,1,0,0,14,2,0,2216,4,25
500,9074,34,24,37,117,0,0,0,12,0,0,1530,8,26
27,536,0,1,0,9,0,0,0,1,0,0,49,3,27
296,7212,0,1,26,105,0,3,0,3,0,190,797,4,29
74,2498,0,0,3,57,0,0,0,0,0,99,214,4,30
89,3386,0,4,6,67,0,0,0,5,1,0,462,1,31
114,3195,4,2,7,63,0,0,0,5,0,0,443,1,32
130,3285,3,5,7,63,0,0,0,2,0,0,491,1,33
85,2115,2,0,6,35,0,0,0,5,0,0,300,3,34
1,11,0,0,0,0,0,0,0,0,0,0,1,1,35
79,1996,1,1,7,26,0,0,0,4,1,0,246,4,36
42,1662,1,0,4,25,0,0,0,7,0,0,188,1,37
66,1337,3,4,3,31,0,0,0,1,0,0,245,1,38
183,5925,4,4,10,121,0,0,0,5,0,0,608,5,39
23,756,0,1,0,20,0,0,0,2,0,0,84,1,40
3,31,0,0,0,1,0,0,0,0,0,0,3,1,41
168,3663,8,6,6,61,0,0,0,4,0,0,217,4,42
173,4037,8,3,5,70,0,0,0,9,1,0,396,7,43
48,891,1,5,4,18,0,0,0,1,0,0,155,1,44
89,1872,1,4,9,31,0,0,0,0,0,0,293,4,46
98,1914,6,3,3,39,0,0,0,1,0,0,321,2,48
46,771,5,0,1,15,0,0,0,0,0,0,165,1,49
3,41,0,0,0,0,0,0,0,0,0,0,3,1,50
30,827,1,0,0,20,0,0,0,2,0,0,124,1,51
46,930,4,0,4,17,0,0,0,0,0,0,146,1,52
150,3420,0,0,10,53,0,2,0,1,0,127,339,3,54
162,5686,2,8,9,115,0,0,0,16,0,0,661,3,55
93,2888,2,1,9,44,0,0,0,10,0,0,333,1,56
203,8013,4,3,7,163,0,0,0,9,1,0,461,4,57
40,1645,0,1,2,27,0,0,0,1,0,0,157,3,58
246,8398,3,3,13,159,0,0,0,11,0,0,461,7,61
168,4226,7,4,12,67,0,0,0,9,0,0,565,2,62
91,3202,2,2,9,51,0,0,1,6,0,0,316,1,63
152,5292,1,7,5,92,0,0,0,15,1,0,162,3,64
3,67,0,0,1,0,0,0,0,1,0,0,10,1,65
160,3915,7,5,9,80,0,0,0,12,0,0,379,6,66
32,711,0,1,2,6,0,0,0,1,0,0,54,4,67
44,986,0,3,3,17,0,0,0,1,0,0,82,2,69
88,2418,5,2,6,38,0,0,0,4,1,0,294,1,70
190,4831,0,0,17,61,0,1,0,2,2,142,614,2,73
685,16609,1,0,46,236,0,2,0,10,0,597,1482,9,74
1271,25809,27,10,66,243,3,0,0,42,6,0,2022,10,75
974,20907,21,24,70,228,0,0,0,53,2,1,2286,9,76
465,10204,2,15,44,114,1,0,0,13,1,0,1680,4,77
926,24009,20,13,49,368,0,0,0,28,2,0,1989,10,78
121,2565,1,1,12,29,0,0,0,0,0,0,322,2,79
35,1018,0,1,2,13,0,0,0,1,0,0,138,1,80
6,135,0,0,1,1,0,0,0,1,0,0,18,1,81
729,11082,42,40,50,112,0,0,1,8,0,0,2950,4,82
1135,17790,38,98,31,204,0,0,2,49,1,0,1372,8,83
452,8219,21,24,40,78,0,0,1,15,0,0,1753,4,84
18,342,0,1,2,3,0,0,0,2,0,0,67,2,85
321,6822,11,17,32,73,0,0,0,11,1,0,1363,3,86
229,6944,3,10,32,73,0,0,0,17,2,0,1184,5,87
29,544,1,1,1,12,0,0,0,0,0,0,79,2,88
523,16226,1,11,35,160,0,0,0,38,2,0,865,10,89
113,2035,7,3,7,28,0,0,0,3,0,0,399,1,90
28,375,2,1,2,2,0,0,0,0,0,0,101,1,91
412,8758,14,21,24,147,0,0,0,9,0,0,1017,7,92
25,766,0,0,0,11,0,0,0,0,0,0,83,3,93
23,556,1,0,1,10,0,0,0,0,0,0,86,1,94
108,3022,1,4,15,29,0,0,0,3,0,0,501,1,95
279,4442,32,10,18,63,0,0,0,16,0,0,1240,2,97
276,4382,28,4,12,65,0,0,2,3,1,0,985,4,98
264,6714,0,0,18,101,0,2,0,1,0,218,684,3,99
327,9306,0,1,17,180,0,2,0,2,0,379,601,6,100
72,2037,0,0,2,40,0,0,0,0,0,117,242,3,101
429,13188,4,5,29,213,0,0,0,22,2,0,954,8,103
487,14232,11,10,28,221,5,0,0,27,0,0,1364,6,104
314,9407,3,4,25,135,0,0,0,11,0,0,1119,4,105
191,5832,0,3,16,78,0,0,0,7,0,0,562,7,106
268,8597,3,5,22,129,2,0,0,17,1,0,1011,3,107
93,3620,0,1,8,54,1,0,0,7,1,0,431,2,108
299,6876,9,19,24,86,0,0,0,6,1,0,1274,3,109
490,10671,23,19,30,171,0,0,1,13,1,0,1704,6,110
197,5081,6,9,14,74,0,0,0,7,0,0,816,3,111
220,7005,6,5,20,110,0,0,0,16,1,0,882,3,112
166,4800,5,2,12,73,0,0,0,2,0,0,620,3,113
330,9527,10,7,20,151,0,0,0,22,0,0,1284,5,114
184,4162,7,9,7,90,0,0,0,11,0,0,536,5,115
12,233,0,0,0,2,0,0,0,0,0,0,32,3,116
231,5097,8,14,6,98,0,0,0,5,0,0,59,5,117
424,9130,22,15,30,126,0,0,1,27,0,0,1475,4,118
55,1069,2,2,3,14,0,0,0,1,0,0,220,1,119
210,4188,9,8,15,65,0,0,0,6,0,0,850,6,120
328,7724,17,15,15,134,0,0,0,18,0,0,597,9,121
252,5911,16,6,21,86,0,0,0,10,0,0,820,5,122
99,2722,0,0,7,44,0,0,0,2,0,88,267,4,123
105,3211,0,0,8,62,0,0,0,0,0,109,301,2,124
1281,26821,28,55,55,364,1,0,1,38,0,0,2305,10,125
631,14333,14,19,51,177,2,0,0,22,1,0,1909,7,126
1073,26053,14,11,55,326,3,0,0,17,0,1,1781,10,127
223,6194,1,0,21,89,0,0,0,5,0,0,855,4,128
42,1394,0,1,4,22,0,0,0,3,0,0,148,2,129
11,329,0,0,1,5,0,0,0,1,0,0,27,4,130
4,298,0,0,0,7,0,0,0,1,0,0,53,1,131
92,2193,4,1,6,37,0,0,0,4,1,0,304,1,132
380,6587,26,15,25,95,0,0,1,12,2,0,1401,4,133
359,7750,16,16,24,109,0,0,1,12,0,0,1471,6,134
365,9321,12,11,29,135,0,0,0,13,0,0,1170,6,135
555,17543,12,16,44,298,1,0,0,36,1,0,1985,7,136
1095,29157,30,47,72,363,1,0,2,72,4,0,2189,10,137
193,4898,5,9,17,51,0,0,0,16,1,0,446,9,138
44,1842,0,0,4,29,0,0,0,9,0,0,220,2,139
93,2275,2,3,6,28,1,0,0,5,0,0,341,4,140
142,2283,5,13,10,32,0,0,0,3,0,0,602,2,141
965,20243,31,58,44,283,0,0,0,12,0,0,1650,10,142
658,10810,60,30,32,164,1,0,2,8,0,0,2591,5,143
245,5072,17,10,12,89,0,0,0,3,0,0,823,4,144
6,143,0,0,0,6,0,0,0,0,0,0,19,1,145
170,4567,0,0,12,72,0,3,0,0,2,133,416,2,146
13,318,0,0,1,5,0,0,0,0,0,12,25,2,147
320,9431,5,2,14,145,1,0,0,12,0,0,512,6,149
672,18945,8,2,35,271,0,0,0,41,1,0,1005,9,150
45,1526,0,2,3,27,0,0,0,7,0,0,170,1,152
1,94,0,0,0,3,0,0,0,1,0,0,16,1,153
87,3038,0,2,6,46,0,0,0,5,0,0,285,2,154
258,5658,12,11,18,88,0,0,1,14,0,0,910,3,155
232,7358,4,6,22,114,0,0,0,20,0,0,845,6,157
362,10011,5,11,33,150,0,0,0,8,0,0,1071,5,158
454,13093,16,8,30,242,0,0,0,24,0,0,833,6,159
576,15585,10,29,22,232,0,0,0,32,4,0,865,9,160
144,5073,3,2,12,87,0,0,0,21,2,0,441,7,161
255,5154,14,12,9,90,0,0,0,7,0,0,626,5,162
56,1313,4,1,4,17,0,0,0,2,0,0,178,1,163
273,6282,0,0,21,79,0,1,0,2,0,206,724,5,165
251,6705,4,2,25,89,2,0,0,4,1,0,994,2,167
150,2711,0,4,15,20,0,0,0,4,0,0,482,1,168
150,3918,4,6,10,64,1,0,0,8,0,0,543,2,169
75,2292,1,2,7,34,0,0,0,8,0,0,244,2,170
98,3246,2,1,3,63,0,0,0,5,0,0,400,6,171
411,12199,0,6,42,179,0,0,0,23,1,0,1096,7,172
810,21027,19,7,51,284,0,0,0,47,1,1,1309,10,173
3,68,0,0,0,1,0,0,0,1,0,0,15,1,174
342,5115,21,16,24,57,0,0,2,1,0,0,1425,2,176
392,8544,11,24,32,117,0,0,0,17,0,0,1185,8,177
111,2438,4,3,3,34,0,0,0,3,0,0,358,2,178
168,4520,3,8,18,55,0,0,0,4,1,0,741,3,179
8,194,0,0,1,5,0,0,0,0,0,0,20,1,180
18,187,0,2,0,3,0,0,0,0,0,0,57,1,181
7,104,0,0,1,2,0,0,0,0,0,0,23,1,182
331,5374,29,20,21,74,0,0,1,10,1,0,1387,2,184
204,3382,17,6,12,49,0,0,0,3,0,0,672,2,185
88,2054,5,2,12,21,0,0,0,1,0,0,320,1,186
740,17766,0,0,65,257,1,5,0,4,0,587,1901,6,188
170,4751,2,0,14,76,0,0,0,2,0,0,631,3,190
260,6720,2,1,26,89,0,0,0,13,0,0,756,3,191
198,4801,3,4,17,69,0,0,0,9,0,0,684,2,192
424,10997,4,10,39,148,1,0,0,15,0,0,1541,4,193
116,3316,1,3,10,47,0,0,0,9,0,0,427,6,194
23,437,0,1,3,5,0,0,0,3,0,0,58,1,195
4,163,0,0,0,3,0,0,0,0,0,0,30,1,196
3,316,0,0,0,5,0,0,0,1,1,0,36,3,197
17,565,0,0,1,8,0,0,0,1,0,0,69,1,198
485,16226,1,13,44,199,1,0,0,46,1,0,1155,9,200
749,17310,23,36,60,242,0,0,0,22,1,0,2069,8,201
312,8464,8,7,30,126,0,0,0,10,1,0,1184,5,202
447,8038,21,27,35,113,0,0,0,6,1,0,1783,4,203
131,4555,2,2,18,65,0,0,0,11,1,0,693,2,204
473,9204,21,23,39,132,0,0,0,11,0,0,1754,4,205
47,934,2,1,4,11,0,0,0,0,0,0,150,2,206
27,397,0,4,1,6,0,0,0,0,0,0,81,2,207
1086,22109,34,71,48,281,1,0,1,43,2,0,1883,10,208
155,1973,10,8,9,28,0,0,0,1,0,0,522,1,209
4,114,0,0,0,1,0,0,0,0,0,0,27,2,210
1,45,0,0,0,2,0,0,0,0,0,0,2,1,211
297,4731,22,13,16,57,0,0,1,9,2,0,1149,2,212
500,8851,51,12,25,163,0,0,2,14,2,0,1627,4,213
700,9554,70,29,32,130,0,0,1,7,1,0,1885,10,214
211,3946,21,6,21,37,0,0,0,16,3,0,475,5,215
160,3365,13,4,8,54,0,0,0,7,0,0,552,2,216
48,670,5,1,2,8,0,0,0,0,0,0,200,1,217
1217,27067,0,1,95,303,0,5,0,7,0,833,2162,10,218
15,491,0,0,1,9,0,0,0,0,0,21,75,2,219
514,9347,10,24,41,106,1,0,1,20,1,0,1422,6,220
743,17344,8,19,64,194,1,0,0,51,4,0,1775,8,221
752,18821,13,7,69,193,2,0,0,42,3,0,1661,8,222
963,23019,2,20,56,246,0,0,0,27,1,0,1662,10,223
885,21306,4,21,59,244,0,0,0,28,1,0,1677,9,224
163,4197,0,3,21,45,2,0,0,11,1,0,547,2,225
104,2671,1,0,11,35,0,0,0,9,0,0,353,1,226
275,9448,5,7,18,168,2,0,0,22,1,0,1091,7,227
471,8964,24,26,32,124,0,0,0,10,0,0,1994,5,228
818,15305,36,43,52,168,0,0,0,26,1,0,1950,8,229
913,14463,34,73,81,141,0,0,1,18,0,0,2920,6,230
931,16033,55,35,85,153,0,0,0,29,0,0,3057,6,231
304,6315,4,26,27,68,0,0,0,4,0,0,1298,3,232
290,7605,10,10,30,94,0,0,0,23,0,0,1353,3,233
127,3594,4,2,17,39,0,0,0,10,0,0,573,2,234
138,2134,7,11,9,26,0,0,0,3,0,0,568,3,235
888,10941,102,36,58,112,0,0,3,13,0,0,3409,5,239
329,5293,32,11,19,71,0,0,1,8,1,0,1272,3,240
80,766,8,2,1,12,0,0,0,1,0,0,242,1,241
656,14833,0,0,62,167,1,2,0,1,0,474,2026,5,242
21,360,0,0,3,2,0,0,0,0,0,7,40,1,243
480,11252,6,2,47,135,3,0,0,13,1,0,1437,8,244
439,10750,2,8,37,125,2,0,0,22,0,0,1191,7,245
8,315,0,0,1,4,0,0,0,1,0,0,36,3,246
250,6510,0,3,25,76,0,0,0,8,1,0,957,4,247
129,3011,0,1,15,30,0,0,0,9,0,0,455,2,248
43,1343,0,0,2,20,0,0,0,2,0,0,172,2,249
902,19832,20,53,51,211,0,0,0,38,3,0,1979,10,250
108,1924,1,1,13,18,0,0,0,8,0,0,257,1,251
32,695,0,1,3,6,0,0,0,0,0,0,123,1,252
22,257,0,1,2,1,0,0,0,1,0,0,40,1,253
177,5284,3,4,22,62,0,0,0,6,0,0,839,2,254
781,12491,38,51,60,139,0,0,0,11,1,0,2760,5,256
692,15713,32,27,41,188,0,0,0,44,2,0,1748,8,257
62,1484,2,1,7,21,0,0,0,2,0,0,259,1,258
834,22227,16,26,58,218,0,0,1,26,0,0,1941,10,259
1136,22700,43,82,37,306,0,0,3,48,1,0,1409,10,260
124,2646,5,6,10,29,0,0,0,8,0,0,491,4,261
171,3404,9,6,14,38,0,0,0,10,0,0,700,2,262
4,98,0,0,0,2,0,0,0,2,0,0,14,2,263
351,10364,12,4,45,128,0,0,0,25,1,0,1495,4,264
43,1202,1,1,6,10,0,0,0,3,0,0,200,1,265
77,1655,4,1,9,13,0,0,0,4,0,0,320,5,266
141,2632,11,6,14,29,0,0,0,2,0,0,593,1,267
1646,24873,151,91,71,242,1,0,7,56,2,0,3304,10,269
30,429,3,0,1,4,0,0,0,3,0,0,118,3,270
55,855,5,2,6,7,0,0,0,0,0,0,237,1,271
11,107,0,0,1,1,0,0,0,0,0,7,16,2,274
26,733,0,0,1,8,1,0,0,2,0,0,54,5,275
1,60,0,0,0,2,0,0,0,0,0,0,0,1,276
1053,25645,30,45,48,363,0,0,3,11,0,0,1602,10,282
0,0,0,0,0,0,0,0,0,0,0,0,0,1,283
120,3049,4,6,0,61,0,0,0,7,0,0,0,3,284
1,9,0,0,0,0,0,0,0,0,0,0,0,4,286
229,5301,14,7,3,99,0,0,1,4,0,0,272,5,291
186,4243,0,0,19,38,0,0,0,1,0,113,541,5,294
52,1833,0,0,2,33,0,0,0,0,0,56,173,4,295
340,9243,3,8,31,122,0,0,0,14,1,0,1260,6,296
483,11993,7,5,44,155,0,0,0,21,1,0,1607,4,297
230,6198,3,1,20,97,0,0,0,5,0,0,742,4,298
68,1293,0,2,7,13,0,0,0,1,0,0,197,3,299
35,574,0,0,4,3,0,0,0,1,0,0,86,2,300
86,1965,0,2,9,19,0,0,0,3,0,0,320,1,301
36,1085,1,1,1,15,0,0,0,1,0,0,203,1,302
130,3060,3,0,10,36,0,0,0,2,0,0,452,1,303
190,4501,7,7,10,84,0,0,0,2,0,0,706,4,304
472,13296,9,15,34,183,0,0,0,14,0,0,1541,6,305
234,5131,3,15,17,72,0,0,0,8,1,0,868,4,306
22,483,0,0,3,3,0,0,0,0,0,0,66,3,307
274,4337,12,22,17,45,0,0,1,4,0,0,1063,2,308
43,1539,0,0,9,17,0,0,0,5,0,0,183,1,309
80,2800,1,0,10,35,0,0,0,10,0,0,371,3,310
274,5096,21,11,16,84,0,0,0,7,0,0,850,5,311
596,11821,43,22,39,158,0,0,1,18,0,0,1794,7,313
191,3276,19,8,5,67,0,0,2,4,1,0,801,2,314
487,13473,0,1,9,225,0,4,0,10,0,456,354,10,315
152,3285,0,1,12,46,0,0,0,0,0,125,395,3,316
5,405,0,0,0,11,0,0,0,0,0,11,31,1,317
801,22410,12,8,52,323,2,0,0,50,5,0,1698,8,318
383,13911,1,3,29,209,1,0,0,31,2,0,940,9,319
329,10418,2,3,29,157,0,0,0,16,1,0,1223,4,320
278,8558,1,6,24,121,0,0,0,23,0,0,1053,3,321
111,3334,0,0,10,53,0,0,0,5,0,0,398,3,322
578,17720,7,11,35,282,2,0,0,52,1,0,1007,10,323
118,3690,0,0,12,58,0,0,0,6,0,0,427,2,324
1050,23344,12,30,57,289,2,0,0,35,1,0,1697,10,325
2,50,0,0,0,1,0,0,0,0,0,0,13,2,326
589,13860,19,28,11,220,0,0,0,21,1,0,641,10,327
626,11283,33,34,44,177,2,0,2,38,3,0,1363,6,328
573,18551,4,14,44,275,0,0,0,40,1,0,1697,8,329
685,15356,39,22,44,224,2,0,5,25,1,0,1863,6,330
365,6974,16,23,25,95,0,0,0,7,0,0,1218,3,331
83,2092,2,3,8,36,0,0,0,3,1,0,270,1,332
97,2013,3,6,9,29,0,0,0,3,0,0,302,1,333
43,1260,2,0,1,27,0,0,0,4,0,0,194,1,334
153,2900,11,3,12,44,0,0,0,4,0,0,579,2,335
1021,19859,68,51,32,279,2,0,0,21,0,0,1456,10,336
263,5421,21,6,7,83,0,0,0,13,0,0,721,5,337
56,1097,4,2,2,22,0,0,0,0,0,0,246,1,338
286,6528,0,0,20,97,0,0,0,3,0,284,691,9,339
4,180,0,0,0,6,0,0,0,0,0,11,18,3,340
471,14133,10,7,26,236,2,0,0,17,6,0,872,9,341
818,21159,8,14,51,278,1,0,0,21,1,0,1425,10,342
247,8845,2,7,22,157,1,0,0,32,0,0,1081,5,343
216,5582,6,9,13,102,0,0,0,6,0,0,626,5,344
1,37,0,0,0,1,0,0,0,0,0,0,4,1,345
60,1314,2,1,4,16,0,0,0,0,0,0,176,1,346
45,1076,0,0,5,13,0,0,0,0,0,0,118,1,347
485,18099,5,7,40,265,0,0,0,78,7,0,963,10,348
774,19369,26,33,55,288,0,0,1,43,0,0,1646,9,349
293,8101,10,4,8,149,0,0,0,22,1,0,494,9,350
57,1294,3,4,1,29,0,0,0,3,1,0,180,1,351
47,1071,2,2,5,10,0,0,0,3,0,0,172,1,352
45,919,3,1,1,14,0,0,0,0,0,0,185,2,353
213,4981,14,7,17,78,0,0,0,14,1,0,753,6,354
968,17775,97,27,30,249,0,0,5,25,2,0,1505,10,355
399,9418,0,2,29,132,0,0,0,2,1,333,851,9,356
3,90,0,0,0,1,0,0,0,0,0,4,10,1,357
259,8457,0,7,20,134,0,0,0,16,3,0,1155,7,358
565,16269,4,4,53,243,0,0,0,32,0,0,2175,5,359
350,9896,0,7,38,139,1,0,0,18,0,0,1204,5,360
411,12111,3,8,39,175,0,0,0,25,1,1,1615,5,361
62,2299,0,0,4,33,0,0,0,6,0,0,266,3,362
191,5355,1,1,18,81,1,0,0,3,0,0,630,2,363
0,0,0,0,0,0,0,0,0,0,0,0,0,1,364
13,355,0,1,1,3,1,0,0,0,0,0,75,2,365
297,9278,5,9,29,128,1,0,0,11,0,0,1196,5,367
563,9602,33,24,30,153,0,0,0,10,0,0,1795,5,368
527,13189,13,22,39,204,0,0,0,9,1,0,1610,9,369
267,9609,0,3,32,138,0,0,0,14,0,0,1086,5,370
8,216,0,0,1,2,0,0,0,1,0,0,34,3,371
336,8781,13,7,27,134,0,0,0,13,0,0,1280,4,372
126,2932,1,10,9,42,0,0,0,0,0,0,490,2,373
171,2927,12,5,8,43,0,0,0,5,0,0,524,1,374
223,5579,9,8,17,106,0,0,0,11,1,0,796,3,375
422,8516,18,15,32,133,0,0,0,8,2,0,1414,5,376
160,3353,13,1,10,51,0,0,0,0,0,0,544,2,377
62,1110,1,4,0,21,0,0,0,4,0,0,137,4,378
60,1080,1,5,3,19,0,0,0,1,0,0,176,2,379
498,12153,0,0,44,161,0,2,0,2,0,356,1579,4,380
347,8424,0,0,29,125,0,3,0,5,1,309,935,5,381
254,5681,5,3,22,58,0,0,0,6,0,0,943,2,382
375,9325,7,19,31,125,0,0,0,25,2,0,1381,9,383
563,14449,5,18,46,185,1,0,0,27,0,1,1955,7,384
404,10468,6,4,35,139,1,0,0,22,0,0,1453,4,385
281,8112,3,6,21,122,0,0,0,14,0,0,1089,4,386
144,3874,1,5,11,57,1,0,0,3,0,0,616,2,387
33,812,0,0,4,6,0,0,0,2,0,0,131,1,388
69,1823,0,3,6,26,0,0,0,2,0,0,227,2,389
223,5556,5,5,18,72,0,0,0,14,0,0,872,2,390
448,12458,11,13,48,153,0,0,0,19,0,0,1800,6,391
283,4806,15,11,15,75,0,0,0,5,0,0,955,3,392
230,5002,7,17,17,68,0,0,0,16,0,0,1001,3,393
472,8044,23,29,26,109,0,0,0,9,0,0,1920,3,394
95,3434,0,4,9,58,0,0,0,11,0,0,473,3,395
110,3118,2,4,10,46,0,0,0,13,0,0,514,3,396
58,1288,1,1,4,18,0,0,0,4,0,0,203,5,397
166,2471,10,12,10,21,0,0,0,7,0,0,666,1,398
8,83,0,0,0,4,0,0,0,0,0,0,17,2,399
181,6514,4,2,24,72,0,0,0,21,3,0,768,3,400
4,77,0,0,0,0,0,0,0,0,0,0,-3,3,401
70,1107,4,1,6,12,0,0,0,0,0,0,244,1,402
435,6585,49,10,22,82,3,0,1,9,0,0,2039,5,403
12,192,0,1,1,1,0,0,0,0,0,0,38,1,404
204,4680,0,0,17,73,1,0,0,6,0,199,509,5,406
546,11871,0,0,18,154,0,8,0,11,0,448,375,7,407
155,5421,2,0,14,99,1,0,0,4,0,0,335,4,408
59,1778,2,0,5,28,0,0,0,5,0,0,181,1,409
30,771,0,1,2,12,0,0,0,1,0,0,88,1,410
25,945,1,0,1,16,0,0,0,2,0,0,96,1,411
89,2469,0,1,9,34,0,0,0,8,0,0,275,1,412
57,2073,0,0,7,28,0,0,0,7,0,0,205,1,413
107,2136,2,4,2,39,0,0,0,9,0,0,112,6,415
120,4396,1,1,16,61,0,0,0,10,0,0,587,3,416
71,1975,2,0,7,33,0,0,0,4,0,0,250,1,417
313,7815,11,12,14,148,0,0,2,10,0,0,622,6,418
57,1686,0,2,6,26,0,0,0,0,0,0,176,1,419
178,5842,4,3,5,91,0,0,0,8,1,0,127,4,420
13,231,0,2,0,4,0,0,0,2,0,0,55,1,421
12,506,0,0,1,9,0,0,0,2,1,0,74,1,422
19,749,0,0,0,18,0,0,0,2,0,0,69,1,423
166,3293,13,9,11,47,1,0,1,6,0,0,629,1,425
175,3147,16,6,12,44,0,0,0,4,0,0,709,1,426
2,7,0,0,0,0,0,0,0,0,0,0,0,1,427
2,27,0,0,0,1,0,0,0,0,0,0,2,2,428
386,10475,0,0,15,202,1,2,0,6,0,419,530,8,429
806,19027,0,1,45,292,0,6,0,7,0,723,1328,10,430
638,14727,5,6,45,158,2,0,0,19,2,0,1595,9,431
510,16483,8,8,34,277,3,0,0,33,1,0,1396,7,432
267,7556,6,2,24,115,1,0,0,10,0,0,909,5,433
45,1247,0,1,5,18,0,0,0,1,0,0,166,2,434
12,270,0,1,0,3,0,0,0,2,0,0,30,2,435
495,14109,9,5,45,216,5,0,0,13,2,0,1673,5,436
165,4699,3,0,16,69,2,0,0,9,1,0,530,4,437
709,16809,22,46,37,292,0,0,3,40,0,0,1463,7,438
600,15513,16,21,35,167,0,0,0,19,1,0,896,10,439
621,16174,31,13,45,251,0,0,1,49,4,0,1237,10,440
717,17225,25,32,35,305,0,0,1,19,1,0,1610,9,441
214,8552,1,1,29,129,0,0,0,27,1,0,887,4,442
78,1315,2,5,3,24,0,0,0,4,0,0,194,7,443
274,6601,9,10,23,95,0,0,0,13,1,0,937,4,444
11,271,0,1,0,5,0,0,0,0,0,0,28,1,445
140,2871,4,11,5,69,0,0,0,1,0,0,252,2,446
447,7404,31,25,25,107,0,0,0,8,0,0,1411,4,447
295,6091,23,3,23,92,0,0,2,2,0,0,1043,3,448
115,2558,9,3,9,32,0,0,0,1,1,0,354,1,449
350,8070,0,0,24,113,0,5,0,6,2,317,953,3,450
21,630,0,0,2,14,0,0,0,0,0,16,56,2,451
680,18958,6,2,43,254,3,0,0,45,2,0,1372,10,452
308,9865,4,3,26,162,2,0,0,25,0,0,1112,5,453
262,6734,4,8,20,97,0,0,0,6,0,0,1024,2,454
11,212,0,0,1,3,0,0,0,0,0,0,28,2,455
76,2326,0,0,9,32,0,0,0,5,0,0,284,1,456
7,288,0,0,1,3,0,0,0,3,0,0,39,1,457
812,20854,30,35,43,329,1,0,3,51,4,0,1763,9,458
208,5664,9,6,18,83,0,0,0,10,1,0,866,2,459
36,1088,0,1,2,17,0,0,0,2,0,0,163,1,460
171,2570,9,13,7,42,0,0,0,3,0,0,701,1,461
100,1910,6,3,4,30,0,0,0,3,0,0,381,1,462
1,1,0,0,0,0,0,0,0,0,0,0,0,2,463
126,2057,8,7,7,29,0,0,0,3,0,0,452,2,464
554,10418,43,25,31,158,0,0,0,22,1,0,1083,9,468
150,3110,8,8,12,39,0,0,0,3,0,0,536,2,469
169,3275,14,7,8,47,0,0,0,5,0,0,611,2,470
631,18114,1,7,11,333,0,1,0,1,0,566,255,6,472
0,0,0,0,0,0,0,0,0,0,0,0,0,1,476
109,1722,9,5,8,19,0,0,0,1,0,0,441,2,478
0,0,0,0,0,0,0,0,0,0,0,0,0,1,480
59,674,3,4,1,12,0,0,0,0,0,0,159,2,483
170,3163,11,6,8,59,0,0,0,1,0,0,630,1,485
0,0,0,0,0,0,0,0,0,0,0,0,0,1,487
74,3071,0,2,6,65,0,0,0,10,0,0,270,1,488
427,12860,0,1,26,241,0,2,0,7,0,452,1234,8,490
173,3244,7,11,8,51,0,0,0,5,2,0,479,4,491
7,31,0,1,0,0,0,0,0,0,0,0,23,3,493
1,45,0,0,0,3,0,0,0,0,0,0,9,1,494
0,0,0,0,0,0,0,0,0,0,0,0,0,1,495
0,0,0,0,0,0,0,0,0,0,0,0,0,1,496
0,0,0,0,0,0,0,0,0,0,0,0,0,2,498
0,0,0,0,0,0,0,0,0,0,0,0,0,1,499
1,17,0,0,0,0,0,0,0,0,0,0,2,1,502
3,71,0,0,0,0,0,0,0,0,0,0,5,1,503
0,0,0,0,0,0,0,0,0,0,0,0,0,2,504
1,54,0,0,0,1,0,0,0,0,0,0,3,1,506
1,5,0,0,0,0,0,0,0,0,0,0,0,1,511
4,98,0,0,1,0,0,0,0,0,0,0,17,1,512
0,0,0,0,0,0,0,0,0,0,0,0,0,3,513
0,0,0,0,0,0,0,0,0,0,0,0,0,1,520
41,1731,2,0,2,50,0,0,0,2,0,0,0,1,522
110,3181,1,1,7,49,0,0,0,8,0,0,250,6,527
0,0,0,0,0,0,0,0,0,0,0,0,0,1,528
3,69,0,0,0,3,0,0,0,1,0,0,-2,3,530
707,15572,21,40,33,182,0,0,0,36,3,0,1134,9,533
19,415,0,0,2,4,0,0,0,0,0,0,38,2,534
1,90,0,0,0,2,0,0,0,0,0,0,9,2,537
22,759,0,0,2,11,0,0,0,3,0,0,93,2,538
197,6002,3,12,12,121,0,0,0,12,2,0,792,2,540
1,19,0,0,0,0,0,0,0,0,0,0,1,3,543
0,0,0,0,0,0,0,0,0,0,0,0,0,2,548
21,447,2,0,0,6,0,0,0,1,0,0,0,1,552
15,362,0,0,2,3,0,0,0,0,0,0,36,1,553
121,3330,0,0,7,73,0,0,0,2,0,152,333,1,554
0,0,0,0,0,0,0,0,0,0,0,0,0,4,555
196,7379,2,2,16,138,0,0,0,16,0,0,611,5,556
2,11,0,0,0,0,0,0,0,0,0,0,2,4,557
73,2131,1,2,7,34,0,0,0,7,1,0,258,3,561
15,193,0,2,0,8,0,0,0,1,0,0,25,1,563
1,1,0,0,0,0,0,0,0,0,0,0,0,1,566
254,5554,2,4,0,48,0,0,0,13,0,0,0,4,568
82,1595,7,1,3,34,0,0,0,0,0,0,312,1,569
299,6596,6,5,28,60,1,0,0,22,0,0,827,4,570
80,1280,7,2,0,33,0,0,0,0,0,0,183,1,571
375,10346,11,20,26,187,0,0,0,20,2,0,1656,4,572
424,8338,23,19,17,117,0,0,0,15,1,0,784,10,575
285,7780,9,6,14,88,1,0,0,22,1,0,688,5,576
0,0,0,0,0,0,0,0,0,0,0,0,0,1,578
19,474,0,0,2,6,0,0,0,0,0,0,83,5,580
0,0,0,0,0,0,0,0,0,0,0,0,0,1,581
31,720,0,0,3,8,0,0,0,0,0,19,76,2,583
1,9,0,0,0,0,0,0,0,0,0,0,1,4,584
1,52,0,0,0,1,0,0,0,1,0,0,4,2,586
1,39,0,0,0,1,0,0,0,0,0,0,3,2,587
0,0,0,0,0,0,0,0,0,0,0,0,0,1,588
0,0,0,0,0,0,0,0,0,0,0,0,0,1,589
0,0,0,0,0,0,0,0,0,0,0,0,0,2,590
0,0,0,0,0,0,0,0,0,0,0,0,1,2,591
0,0,0,0,0,0,0,0,0,0,0,0,0,1,592
1,1,0,0,0,0,0,0,0,0,0,0,0,1,593
1,20,0,0,0,1,0,0,0,0,0,0,1,1,594
31,1080,0,0,0,25,0,1,0,0,0,47,18,7,597
1,45,0,0,0,1,0,0,0,0,0,0,3,4,600
0,0,0,0,0,0,0,0,0,0,0,0,0,2,601
49,1895,0,1,5,33,0,0,0,2,1,0,183,3,602
